providerEventId,providerMarketId,providerMarketName,statId,entityId,period,side,line,normalizationStatus
"ESvtyfFibM9hvbkamIkG","defense_safeties-all-game-yn-no","Any Defensive Safeties Yes/No","defense_safeties","all","game","NO","","UNMAPPED"
"ESvtyfFibM9hvbkamIkG","defense_safeties-all-game-yn-yes","Any Defensive Safeties Yes/No","defense_safeties","all","game","YES","","UNMAPPED"
"ESvtyfFibM9hvbkamIkG","points-away-game-eo-even","Kansas City Chiefs Points Even/Odd","points","away","game","EVEN","","PARTIALLY_MAPPED"
"ESvtyfFibM9hvbkamIkG","points-away-game-eo-odd","Kansas City Chiefs Points Even/Odd","points","away","game","ODD","","PARTIALLY_MAPPED"
"ESvtyfFibM9hvbkamIkG","points-home-game-eo-even","Miami Dolphins Points Even/Odd","points","home","game","EVEN","","PARTIALLY_MAPPED"
"ESvtyfFibM9hvbkamIkG","points-home-game-eo-odd","Miami Dolphins Points Even/Odd","points","home","game","ODD","","PARTIALLY_MAPPED"
"ESvtyfFibM9hvbkamIkG","fieldGoals_made-all-game-ou-over","Total Field Goals Made Over/Under","fieldGoals_made","all","game","OVER","3.5","UNMAPPED"
"ESvtyfFibM9hvbkamIkG","fieldGoals_made-all-game-ou-under","Total Field Goals Made Over/Under","fieldGoals_made","all","game","UNDER","3.5","UNMAPPED"
"ESvtyfFibM9hvbkamIkG","points-all-game-eo-even","Total Points Even/Odd","points","all","game","EVEN","","UNMAPPED"
"ESvtyfFibM9hvbkamIkG","points-all-game-eo-odd","Total Points Even/Odd","points","all","game","ODD","","UNMAPPED"
"ESvtyfFibM9hvbkamIkG","points-home-1q-yn-no","Miami Dolphins Any 1st Quarter Points Yes/No","points","home","1q","NO","","PARTIALLY_MAPPED"
"ESvtyfFibM9hvbkamIkG","points-home-1q-yn-yes","Miami Dolphins Any 1st Quarter Points Yes/No","points","home","1q","YES","","PARTIALLY_MAPPED"
"ESvtyfFibM9hvbkamIkG","points-home-2h-yn-no","Miami Dolphins Any 2nd Half Points Yes/No","points","home","2h","NO","","PARTIALLY_MAPPED"
"ESvtyfFibM9hvbkamIkG","points-home-2h-yn-yes","Miami Dolphins Any 2nd Half Points Yes/No","points","home","2h","YES","","PARTIALLY_MAPPED"
"ESvtyfFibM9hvbkamIkG","points-all-1q-eo-even","Total 1st Quarter Points Even/Odd","points","all","1q","EVEN","","UNMAPPED"
"ESvtyfFibM9hvbkamIkG","points-all-1q-eo-odd","Total 1st Quarter Points Even/Odd","points","all","1q","ODD","","UNMAPPED"
"ESvtyfFibM9hvbkamIkG","points-home-1h-yn-no","Miami Dolphins Any 1st Half Points Yes/No","points","home","1h","NO","","PARTIALLY_MAPPED"
"ESvtyfFibM9hvbkamIkG","points-home-1h-yn-yes","Miami Dolphins Any 1st Half Points Yes/No","points","home","1h","YES","","PARTIALLY_MAPPED"
"ESvtyfFibM9hvbkamIkG","points-all-1h-ml3way-draw","1st Half 3-Way Moneyline","points","all","1h","DRAW","","UNMAPPED"
"ESvtyfFibM9hvbkamIkG","points-away-1h-ml3way-away","1st Half 3-Way Moneyline","points","away","1h","AWAY","","PARTIALLY_MAPPED"
"ESvtyfFibM9hvbkamIkG","points-home-1h-ml3way-home","1st Half 3-Way Moneyline","points","home","1h","HOME","","PARTIALLY_MAPPED"
"ESvtyfFibM9hvbkamIkG","points-all-1h-eo-even","Total 1st Half Points Even/Odd","points","all","1h","EVEN","","UNMAPPED"
"ESvtyfFibM9hvbkamIkG","points-all-1h-eo-odd","Total 1st Half Points Even/Odd","points","all","1h","ODD","","UNMAPPED"
"ESvtyfFibM9hvbkamIkG","points-all-1q-ml3way-draw","1st Quarter 3-Way Moneyline","points","all","1q","DRAW","","UNMAPPED"
"ESvtyfFibM9hvbkamIkG","points-away-1h-eo-even","Kansas City Chiefs 1st Half Points Even/Odd","points","away","1h","EVEN","","PARTIALLY_MAPPED"
"ESvtyfFibM9hvbkamIkG","points-away-1h-eo-odd","Kansas City Chiefs 1st Half Points Even/Odd","points","away","1h","ODD","","PARTIALLY_MAPPED"
"ESvtyfFibM9hvbkamIkG","points-away-1q-eo-even","Kansas City Chiefs 1st Quarter Points Even/Odd","points","away","1q","EVEN","","PARTIALLY_MAPPED"
"ESvtyfFibM9hvbkamIkG","points-away-1q-eo-odd","Kansas City Chiefs 1st Quarter Points Even/Odd","points","away","1q","ODD","","PARTIALLY_MAPPED"
"ESvtyfFibM9hvbkamIkG","points-away-1q-ml3way-away","1st Quarter 3-Way Moneyline","points","away","1q","AWAY","","PARTIALLY_MAPPED"
"ESvtyfFibM9hvbkamIkG","points-home-1h-eo-even","Miami Dolphins 1st Half Points Even/Odd","points","home","1h","EVEN","","PARTIALLY_MAPPED"
"ESvtyfFibM9hvbkamIkG","points-home-1h-eo-odd","Miami Dolphins 1st Half Points Even/Odd","points","home","1h","ODD","","PARTIALLY_MAPPED"
"ESvtyfFibM9hvbkamIkG","points-home-1q-eo-even","Miami Dolphins 1st Quarter Points Even/Odd","points","home","1q","EVEN","","PARTIALLY_MAPPED"
"ESvtyfFibM9hvbkamIkG","points-home-1q-eo-odd","Miami Dolphins 1st Quarter Points Even/Odd","points","home","1q","ODD","","PARTIALLY_MAPPED"
"ESvtyfFibM9hvbkamIkG","points-home-1q-ml3way-home","1st Quarter 3-Way Moneyline","points","home","1q","HOME","","PARTIALLY_MAPPED"
"ESvtyfFibM9hvbkamIkG","points-all-2q-ml3way-draw","2nd Quarter 3-Way Moneyline","points","all","2q","DRAW","","UNMAPPED"
"ESvtyfFibM9hvbkamIkG","points-all-3q-ml3way-draw","3rd Quarter 3-Way Moneyline","points","all","3q","DRAW","","UNMAPPED"
"ESvtyfFibM9hvbkamIkG","points-all-4q-ml3way-draw","4th Quarter 3-Way Moneyline","points","all","4q","DRAW","","UNMAPPED"
"ESvtyfFibM9hvbkamIkG","points-away-2q-ml3way-away","2nd Quarter 3-Way Moneyline","points","away","2q","AWAY","","PARTIALLY_MAPPED"
"ESvtyfFibM9hvbkamIkG","points-away-3q-ml3way-away","3rd Quarter 3-Way Moneyline","points","away","3q","AWAY","","PARTIALLY_MAPPED"
"ESvtyfFibM9hvbkamIkG","points-home-2q-ml3way-home","2nd Quarter 3-Way Moneyline","points","home","2q","HOME","","PARTIALLY_MAPPED"
"ESvtyfFibM9hvbkamIkG","points-home-3q-ml3way-home","3rd Quarter 3-Way Moneyline","points","home","3q","HOME","","PARTIALLY_MAPPED"
"ESvtyfFibM9hvbkamIkG","points-home-4q-ml3way-home","4th Quarter 3-Way Moneyline","points","home","4q","HOME","","PARTIALLY_MAPPED"
"ESvtyfFibM9hvbkamIkG","points-home-game-yn-no","Miami Dolphins Any Points Yes/No","points","home","game","NO","","PARTIALLY_MAPPED"
"ESvtyfFibM9hvbkamIkG","points-home-game-yn-yes","Miami Dolphins Any Points Yes/No","points","home","game","YES","","PARTIALLY_MAPPED"
"ESvtyfFibM9hvbkamIkG","points-away-4q-ml3way-away","4th Quarter 3-Way Moneyline","points","away","4q","AWAY","","PARTIALLY_MAPPED"
"ESvtyfFibM9hvbkamIkG","fieldGoals_made-all-1h-ou-over","Total 1st Half Field Goals Made Over/Under","fieldGoals_made","all","1h","OVER","1.5","UNMAPPED"
"ESvtyfFibM9hvbkamIkG","fieldGoals_made-all-1h-ou-under","Total 1st Half Field Goals Made Over/Under","fieldGoals_made","all","1h","UNDER","1.5","UNMAPPED"
"ESvtyfFibM9hvbkamIkG","fieldGoals_longestMade-all-game-ou-over","Total Longest Field Goal Made Over/Under","fieldGoals_longestMade","all","game","OVER","49.5","UNMAPPED"
"ESvtyfFibM9hvbkamIkG","fieldGoals_longestMade-all-game-ou-under","Total Longest Field Goal Made Over/Under","fieldGoals_longestMade","all","game","UNDER","49.5","UNMAPPED"
"ESvtyfFibM9hvbkamIkG","points-all-2h-ml3way-draw","2nd Half 3-Way Moneyline","points","all","2h","DRAW","","UNMAPPED"
"ESvtyfFibM9hvbkamIkG","points-away-2h-ml3way-away","2nd Half 3-Way Moneyline","points","away","2h","AWAY","","PARTIALLY_MAPPED"
"ESvtyfFibM9hvbkamIkG","points-home-2h-ml3way-home","2nd Half 3-Way Moneyline","points","home","2h","HOME","","PARTIALLY_MAPPED"
"ESvtyfFibM9hvbkamIkG","fieldGoals_made-HARRISON_BUTKER_1_NFL-game-ou-over","Harrison Butker Field Goals Made Over/Under","fieldGoals_made","HARRISON_BUTKER_1_NFL","game","OVER","1.5","PARTIALLY_MAPPED"
"ESvtyfFibM9hvbkamIkG","fieldGoals_made-HARRISON_BUTKER_1_NFL-game-ou-over","Harrison Butker Field Goals Made Over/Under","fieldGoals_made","HARRISON_BUTKER_1_NFL","game","OVER","0.5","PARTIALLY_MAPPED"
"ESvtyfFibM9hvbkamIkG","fieldGoals_made-HARRISON_BUTKER_1_NFL-game-ou-over","Harrison Butker Field Goals Made Over/Under","fieldGoals_made","HARRISON_BUTKER_1_NFL","game","OVER","2.5","PARTIALLY_MAPPED"
"ESvtyfFibM9hvbkamIkG","fieldGoals_made-HARRISON_BUTKER_1_NFL-game-ou-over","Harrison Butker Field Goals Made Over/Under","fieldGoals_made","HARRISON_BUTKER_1_NFL","game","OVER","3.5","PARTIALLY_MAPPED"
"ESvtyfFibM9hvbkamIkG","fieldGoals_made-HARRISON_BUTKER_1_NFL-game-ou-under","Harrison Butker Field Goals Made Over/Under","fieldGoals_made","HARRISON_BUTKER_1_NFL","game","UNDER","1.5","PARTIALLY_MAPPED"
"ESvtyfFibM9hvbkamIkG","points-all-2h-eo-even","Total 2nd Half Points Even/Odd","points","all","2h","EVEN","","UNMAPPED"
"ESvtyfFibM9hvbkamIkG","points-all-2h-eo-odd","Total 2nd Half Points Even/Odd","points","all","2h","ODD","","UNMAPPED"
"ESvtyfFibM9hvbkamIkG","points-away-2h-eo-even","Kansas City Chiefs 2nd Half Points Even/Odd","points","away","2h","EVEN","","PARTIALLY_MAPPED"
"ESvtyfFibM9hvbkamIkG","points-away-2h-eo-odd","Kansas City Chiefs 2nd Half Points Even/Odd","points","away","2h","ODD","","PARTIALLY_MAPPED"
"ESvtyfFibM9hvbkamIkG","points-home-2h-eo-even","Miami Dolphins 2nd Half Points Even/Odd","points","home","2h","EVEN","","PARTIALLY_MAPPED"
"ESvtyfFibM9hvbkamIkG","points-home-2h-eo-odd","Miami Dolphins 2nd Half Points Even/Odd","points","home","2h","ODD","","PARTIALLY_MAPPED"
"ESvtyfFibM9hvbkamIkG","fieldGoals_made-HARRISON_BUTKER_1_NFL-game-yn-yes","Harrison Butker Any Field Goals Made Yes/No","fieldGoals_made","HARRISON_BUTKER_1_NFL","game","YES","","PARTIALLY_MAPPED"
"ESvtyfFibM9hvbkamIkG","fieldGoals_made-RILEY_PATTERSON_1_NFL-game-ou-over","Riley Patterson Field Goals Made Over/Under","fieldGoals_made","RILEY_PATTERSON_1_NFL","game","OVER","1.5","PARTIALLY_MAPPED"
"ESvtyfFibM9hvbkamIkG","fieldGoals_made-RILEY_PATTERSON_1_NFL-game-ou-over","Riley Patterson Field Goals Made Over/Under","fieldGoals_made","RILEY_PATTERSON_1_NFL","game","OVER","0.5","PARTIALLY_MAPPED"
"ESvtyfFibM9hvbkamIkG","fieldGoals_made-RILEY_PATTERSON_1_NFL-game-ou-over","Riley Patterson Field Goals Made Over/Under","fieldGoals_made","RILEY_PATTERSON_1_NFL","game","OVER","2.5","PARTIALLY_MAPPED"
"ESvtyfFibM9hvbkamIkG","fieldGoals_made-RILEY_PATTERSON_1_NFL-game-ou-under","Riley Patterson Field Goals Made Over/Under","fieldGoals_made","RILEY_PATTERSON_1_NFL","game","UNDER","1.5","PARTIALLY_MAPPED"
"ESvtyfFibM9hvbkamIkG","fieldGoals_made-RILEY_PATTERSON_1_NFL-game-yn-yes","Riley Patterson Any Field Goals Made Yes/No","fieldGoals_made","RILEY_PATTERSON_1_NFL","game","YES","","PARTIALLY_MAPPED"
"ESvtyfFibM9hvbkamIkG","defense_safeties-away-game-yn-no","Kansas City Chiefs Any Defensive Safeties Yes/No","defense_safeties","away","game","NO","","PARTIALLY_MAPPED"
"ESvtyfFibM9hvbkamIkG","defense_safeties-away-game-yn-yes","Kansas City Chiefs Any Defensive Safeties Yes/No","defense_safeties","away","game","YES","","PARTIALLY_MAPPED"
"ESvtyfFibM9hvbkamIkG","fieldGoals_made-all-2h-ou-over","Total 2nd Half Field Goals Made Over/Under","fieldGoals_made","all","2h","OVER","1.5","UNMAPPED"
"ESvtyfFibM9hvbkamIkG","fieldGoals_made-all-2h-ou-under","Total 2nd Half Field Goals Made Over/Under","fieldGoals_made","all","2h","UNDER","1.5","UNMAPPED"
"ESvtyfFibM9hvbkamIkG","largestLead-all-game-ou-over","Total Largest Lead Over/Under","largestLead","all","game","OVER","16.5","UNMAPPED"
"ESvtyfFibM9hvbkamIkG","largestLead-all-game-ou-under","Total Largest Lead Over/Under","largestLead","all","game","UNDER","16.5","UNMAPPED"
"ESvtyfFibM9hvbkamIkG","punting_numPunts-all-game-ou-over","Total Punts Over/Under","punting_numPunts","all","game","OVER","6.5","UNMAPPED"
"ESvtyfFibM9hvbkamIkG","punting_numPunts-all-game-ou-under","Total Punts Over/Under","punting_numPunts","all","game","UNDER","6.5","UNMAPPED"
"ESvtyfFibM9hvbkamIkG","turnovers-all-game-ou-over","Total Turnovers Over/Under","turnovers","all","game","OVER","2.5","UNMAPPED"
"ESvtyfFibM9hvbkamIkG","turnovers-all-game-ou-under","Total Turnovers Over/Under","turnovers","all","game","UNDER","2.5","UNMAPPED"
"FOSE1zBUNvmhacWfDJh5","points-away-1q-yn-no","New York Jets Any 1st Quarter Points Yes/No","points","away","1q","NO","","PARTIALLY_MAPPED"
"FOSE1zBUNvmhacWfDJh5","points-away-1q-yn-yes","New York Jets Any 1st Quarter Points Yes/No","points","away","1q","YES","","PARTIALLY_MAPPED"
"FOSE1zBUNvmhacWfDJh5","defense_safeties-all-game-yn-no","Any Defensive Safeties Yes/No","defense_safeties","all","game","NO","","UNMAPPED"
"FOSE1zBUNvmhacWfDJh5","defense_safeties-all-game-yn-yes","Any Defensive Safeties Yes/No","defense_safeties","all","game","YES","","UNMAPPED"
"FOSE1zBUNvmhacWfDJh5","points-away-game-eo-even","New York Jets Points Even/Odd","points","away","game","EVEN","","PARTIALLY_MAPPED"
"FOSE1zBUNvmhacWfDJh5","points-away-game-eo-odd","New York Jets Points Even/Odd","points","away","game","ODD","","PARTIALLY_MAPPED"
"FOSE1zBUNvmhacWfDJh5","points-home-game-eo-even","Detroit Lions Points Even/Odd","points","home","game","EVEN","","PARTIALLY_MAPPED"
"FOSE1zBUNvmhacWfDJh5","points-home-game-eo-odd","Detroit Lions Points Even/Odd","points","home","game","ODD","","PARTIALLY_MAPPED"
"FOSE1zBUNvmhacWfDJh5","points-all-game-eo-even","Total Points Even/Odd","points","all","game","EVEN","","UNMAPPED"
"FOSE1zBUNvmhacWfDJh5","points-all-game-eo-odd","Total Points Even/Odd","points","all","game","ODD","","UNMAPPED"
"FOSE1zBUNvmhacWfDJh5","fieldGoals_longestMade-all-game-ou-over","Total Longest Field Goal Made Over/Under","fieldGoals_longestMade","all","game","OVER","49.5","UNMAPPED"
"FOSE1zBUNvmhacWfDJh5","fieldGoals_longestMade-all-game-ou-under","Total Longest Field Goal Made Over/Under","fieldGoals_longestMade","all","game","UNDER","49.5","UNMAPPED"
"FOSE1zBUNvmhacWfDJh5","points-all-1h-ml3way-draw","1st Half 3-Way Moneyline","points","all","1h","DRAW","","UNMAPPED"
"FOSE1zBUNvmhacWfDJh5","points-away-1h-ml3way-away","1st Half 3-Way Moneyline","points","away","1h","AWAY","","PARTIALLY_MAPPED"
"FOSE1zBUNvmhacWfDJh5","points-home-1h-ml3way-home","1st Half 3-Way Moneyline","points","home","1h","HOME","","PARTIALLY_MAPPED"
"FOSE1zBUNvmhacWfDJh5","points-all-1h-eo-even","Total 1st Half Points Even/Odd","points","all","1h","EVEN","","UNMAPPED"
"FOSE1zBUNvmhacWfDJh5","points-all-1h-eo-odd","Total 1st Half Points Even/Odd","points","all","1h","ODD","","UNMAPPED"
"FOSE1zBUNvmhacWfDJh5","points-all-1q-eo-even","Total 1st Quarter Points Even/Odd","points","all","1q","EVEN","","UNMAPPED"
"FOSE1zBUNvmhacWfDJh5","points-all-1q-eo-odd","Total 1st Quarter Points Even/Odd","points","all","1q","ODD","","UNMAPPED"
"FOSE1zBUNvmhacWfDJh5","points-all-1q-ml3way-draw","1st Quarter 3-Way Moneyline","points","all","1q","DRAW","","UNMAPPED"
"FOSE1zBUNvmhacWfDJh5","points-away-1h-eo-even","New York Jets 1st Half Points Even/Odd","points","away","1h","EVEN","","PARTIALLY_MAPPED"
"FOSE1zBUNvmhacWfDJh5","points-away-1h-eo-odd","New York Jets 1st Half Points Even/Odd","points","away","1h","ODD","","PARTIALLY_MAPPED"
"FOSE1zBUNvmhacWfDJh5","points-away-1q-eo-even","New York Jets 1st Quarter Points Even/Odd","points","away","1q","EVEN","","PARTIALLY_MAPPED"
"FOSE1zBUNvmhacWfDJh5","points-away-1q-eo-odd","New York Jets 1st Quarter Points Even/Odd","points","away","1q","ODD","","PARTIALLY_MAPPED"
"FOSE1zBUNvmhacWfDJh5","points-away-1q-ml3way-away","1st Quarter 3-Way Moneyline","points","away","1q","AWAY","","PARTIALLY_MAPPED"
"FOSE1zBUNvmhacWfDJh5","points-home-1h-eo-even","Detroit Lions 1st Half Points Even/Odd","points","home","1h","EVEN","","PARTIALLY_MAPPED"
"FOSE1zBUNvmhacWfDJh5","points-home-1h-eo-odd","Detroit Lions 1st Half Points Even/Odd","points","home","1h","ODD","","PARTIALLY_MAPPED"
"FOSE1zBUNvmhacWfDJh5","points-home-1q-eo-even","Detroit Lions 1st Quarter Points Even/Odd","points","home","1q","EVEN","","PARTIALLY_MAPPED"
"FOSE1zBUNvmhacWfDJh5","points-home-1q-eo-odd","Detroit Lions 1st Quarter Points Even/Odd","points","home","1q","ODD","","PARTIALLY_MAPPED"
"FOSE1zBUNvmhacWfDJh5","points-home-1q-ml3way-home","1st Quarter 3-Way Moneyline","points","home","1q","HOME","","PARTIALLY_MAPPED"
"FOSE1zBUNvmhacWfDJh5","points-all-2q-ml3way-draw","2nd Quarter 3-Way Moneyline","points","all","2q","DRAW","","UNMAPPED"
"FOSE1zBUNvmhacWfDJh5","points-all-3q-ml3way-draw","3rd Quarter 3-Way Moneyline","points","all","3q","DRAW","","UNMAPPED"
"FOSE1zBUNvmhacWfDJh5","points-all-4q-ml3way-draw","4th Quarter 3-Way Moneyline","points","all","4q","DRAW","","UNMAPPED"
"FOSE1zBUNvmhacWfDJh5","points-away-1h-yn-no","New York Jets Any 1st Half Points Yes/No","points","away","1h","NO","","PARTIALLY_MAPPED"
"FOSE1zBUNvmhacWfDJh5","points-away-1h-yn-yes","New York Jets Any 1st Half Points Yes/No","points","away","1h","YES","","PARTIALLY_MAPPED"
"FOSE1zBUNvmhacWfDJh5","points-away-2h-yn-no","New York Jets Any 2nd Half Points Yes/No","points","away","2h","NO","","PARTIALLY_MAPPED"
"FOSE1zBUNvmhacWfDJh5","points-away-2h-yn-yes","New York Jets Any 2nd Half Points Yes/No","points","away","2h","YES","","PARTIALLY_MAPPED"
"FOSE1zBUNvmhacWfDJh5","points-away-2q-ml3way-away","2nd Quarter 3-Way Moneyline","points","away","2q","AWAY","","PARTIALLY_MAPPED"
"FOSE1zBUNvmhacWfDJh5","points-away-3q-ml3way-away","3rd Quarter 3-Way Moneyline","points","away","3q","AWAY","","PARTIALLY_MAPPED"
"FOSE1zBUNvmhacWfDJh5","points-away-4q-ml3way-away","4th Quarter 3-Way Moneyline","points","away","4q","AWAY","","PARTIALLY_MAPPED"
"FOSE1zBUNvmhacWfDJh5","points-home-2q-ml3way-home","2nd Quarter 3-Way Moneyline","points","home","2q","HOME","","PARTIALLY_MAPPED"
"FOSE1zBUNvmhacWfDJh5","points-home-3q-ml3way-home","3rd Quarter 3-Way Moneyline","points","home","3q","HOME","","PARTIALLY_MAPPED"
"FOSE1zBUNvmhacWfDJh5","points-home-4q-ml3way-home","4th Quarter 3-Way Moneyline","points","home","4q","HOME","","PARTIALLY_MAPPED"
"FOSE1zBUNvmhacWfDJh5","fieldGoals_made-all-1h-ou-over","Total 1st Half Field Goals Made Over/Under","fieldGoals_made","all","1h","OVER","1.5","UNMAPPED"
"FOSE1zBUNvmhacWfDJh5","fieldGoals_made-all-1h-ou-under","Total 1st Half Field Goals Made Over/Under","fieldGoals_made","all","1h","UNDER","1.5","UNMAPPED"
"FOSE1zBUNvmhacWfDJh5","fieldGoals_made-all-game-ou-over","Total Field Goals Made Over/Under","fieldGoals_made","all","game","OVER","3.5","UNMAPPED"
"FOSE1zBUNvmhacWfDJh5","fieldGoals_made-all-game-ou-under","Total Field Goals Made Over/Under","fieldGoals_made","all","game","UNDER","3.5","UNMAPPED"
"FOSE1zBUNvmhacWfDJh5","fieldGoals_made-JASON_SANDERS_1_NFL-game-ou-over","Jason Sanders Field Goals Made Over/Under","fieldGoals_made","JASON_SANDERS_1_NFL","game","OVER","1.5","PARTIALLY_MAPPED"
"FOSE1zBUNvmhacWfDJh5","fieldGoals_made-JASON_SANDERS_1_NFL-game-ou-over","Jason Sanders Field Goals Made Over/Under","fieldGoals_made","JASON_SANDERS_1_NFL","game","OVER","0.5","PARTIALLY_MAPPED"
"FOSE1zBUNvmhacWfDJh5","fieldGoals_made-JASON_SANDERS_1_NFL-game-ou-over","Jason Sanders Field Goals Made Over/Under","fieldGoals_made","JASON_SANDERS_1_NFL","game","OVER","2.5","PARTIALLY_MAPPED"
"FOSE1zBUNvmhacWfDJh5","fieldGoals_made-JASON_SANDERS_1_NFL-game-ou-under","Jason Sanders Field Goals Made Over/Under","fieldGoals_made","JASON_SANDERS_1_NFL","game","UNDER","1.5","PARTIALLY_MAPPED"
"FOSE1zBUNvmhacWfDJh5","fieldGoals_made-JASON_SANDERS_1_NFL-game-yn-yes","Jason Sanders Any Field Goals Made Yes/No","fieldGoals_made","JASON_SANDERS_1_NFL","game","YES","","PARTIALLY_MAPPED"
"FOSE1zBUNvmhacWfDJh5","points-all-2h-ml3way-draw","2nd Half 3-Way Moneyline","points","all","2h","DRAW","","UNMAPPED"
"FOSE1zBUNvmhacWfDJh5","points-away-2h-ml3way-away","2nd Half 3-Way Moneyline","points","away","2h","AWAY","","PARTIALLY_MAPPED"
"FOSE1zBUNvmhacWfDJh5","points-home-2h-ml3way-home","2nd Half 3-Way Moneyline","points","home","2h","HOME","","PARTIALLY_MAPPED"
"FOSE1zBUNvmhacWfDJh5","fieldGoals_made-JAKE_BATES_1_NFL-game-ou-over","Jake Bates Field Goals Made Over/Under","fieldGoals_made","JAKE_BATES_1_NFL","game","OVER","1.5","PARTIALLY_MAPPED"
"FOSE1zBUNvmhacWfDJh5","fieldGoals_made-JAKE_BATES_1_NFL-game-ou-over","Jake Bates Field Goals Made Over/Under","fieldGoals_made","JAKE_BATES_1_NFL","game","OVER","0.5","PARTIALLY_MAPPED"
"FOSE1zBUNvmhacWfDJh5","fieldGoals_made-JAKE_BATES_1_NFL-game-ou-over","Jake Bates Field Goals Made Over/Under","fieldGoals_made","JAKE_BATES_1_NFL","game","OVER","2.5","PARTIALLY_MAPPED"
"FOSE1zBUNvmhacWfDJh5","fieldGoals_made-JAKE_BATES_1_NFL-game-ou-over","Jake Bates Field Goals Made Over/Under","fieldGoals_made","JAKE_BATES_1_NFL","game","OVER","3.5","PARTIALLY_MAPPED"
"FOSE1zBUNvmhacWfDJh5","fieldGoals_made-JAKE_BATES_1_NFL-game-ou-under","Jake Bates Field Goals Made Over/Under","fieldGoals_made","JAKE_BATES_1_NFL","game","UNDER","1.5","PARTIALLY_MAPPED"
"FOSE1zBUNvmhacWfDJh5","points-all-2h-eo-even","Total 2nd Half Points Even/Odd","points","all","2h","EVEN","","UNMAPPED"
"FOSE1zBUNvmhacWfDJh5","points-all-2h-eo-odd","Total 2nd Half Points Even/Odd","points","all","2h","ODD","","UNMAPPED"
"FOSE1zBUNvmhacWfDJh5","points-away-2h-eo-even","New York Jets 2nd Half Points Even/Odd","points","away","2h","EVEN","","PARTIALLY_MAPPED"
"FOSE1zBUNvmhacWfDJh5","points-away-2h-eo-odd","New York Jets 2nd Half Points Even/Odd","points","away","2h","ODD","","PARTIALLY_MAPPED"
"FOSE1zBUNvmhacWfDJh5","points-home-2h-eo-even","Detroit Lions 2nd Half Points Even/Odd","points","home","2h","EVEN","","PARTIALLY_MAPPED"
"FOSE1zBUNvmhacWfDJh5","points-home-2h-eo-odd","Detroit Lions 2nd Half Points Even/Odd","points","home","2h","ODD","","PARTIALLY_MAPPED"
"FOSE1zBUNvmhacWfDJh5","fieldGoals_made-JAKE_BATES_1_NFL-game-yn-yes","Jake Bates Any Field Goals Made Yes/No","fieldGoals_made","JAKE_BATES_1_NFL","game","YES","","PARTIALLY_MAPPED"
"FOSE1zBUNvmhacWfDJh5","defense_safeties-away-game-yn-no","New York Jets Any Defensive Safeties Yes/No","defense_safeties","away","game","NO","","PARTIALLY_MAPPED"
"FOSE1zBUNvmhacWfDJh5","defense_safeties-away-game-yn-yes","New York Jets Any Defensive Safeties Yes/No","defense_safeties","away","game","YES","","PARTIALLY_MAPPED"
"FOSE1zBUNvmhacWfDJh5","defense_safeties-home-game-yn-no","Detroit Lions Any Defensive Safeties Yes/No","defense_safeties","home","game","NO","","PARTIALLY_MAPPED"
"FOSE1zBUNvmhacWfDJh5","defense_safeties-home-game-yn-yes","Detroit Lions Any Defensive Safeties Yes/No","defense_safeties","home","game","YES","","PARTIALLY_MAPPED"
"FOSE1zBUNvmhacWfDJh5","fieldGoals_made-all-2h-ou-over","Total 2nd Half Field Goals Made Over/Under","fieldGoals_made","all","2h","OVER","1.5","UNMAPPED"
"FOSE1zBUNvmhacWfDJh5","fieldGoals_made-all-2h-ou-under","Total 2nd Half Field Goals Made Over/Under","fieldGoals_made","all","2h","UNDER","1.5","UNMAPPED"
"FOSE1zBUNvmhacWfDJh5","largestLead-all-game-ou-over","Total Largest Lead Over/Under","largestLead","all","game","OVER","14.5","UNMAPPED"
"FOSE1zBUNvmhacWfDJh5","largestLead-all-game-ou-under","Total Largest Lead Over/Under","largestLead","all","game","UNDER","14.5","UNMAPPED"
"FOSE1zBUNvmhacWfDJh5","punting_numPunts-all-game-ou-over","Total Punts Over/Under","punting_numPunts","all","game","OVER","6.5","UNMAPPED"
"FOSE1zBUNvmhacWfDJh5","punting_numPunts-all-game-ou-under","Total Punts Over/Under","punting_numPunts","all","game","UNDER","6.5","UNMAPPED"
"FOSE1zBUNvmhacWfDJh5","turnovers-all-game-ou-over","Total Turnovers Over/Under","turnovers","all","game","OVER","2.5","UNMAPPED"
"FOSE1zBUNvmhacWfDJh5","turnovers-all-game-ou-under","Total Turnovers Over/Under","turnovers","all","game","UNDER","2.5","UNMAPPED"
"N7NOi3M6n1BxFnb2HEeg","points-home-1q-yn-no","Cleveland Browns Any 1st Quarter Points Yes/No","points","home","1q","NO","","PARTIALLY_MAPPED"
"N7NOi3M6n1BxFnb2HEeg","points-home-1q-yn-yes","Cleveland Browns Any 1st Quarter Points Yes/No","points","home","1q","YES","","PARTIALLY_MAPPED"
"N7NOi3M6n1BxFnb2HEeg","defense_safeties-all-game-yn-no","Any Defensive Safeties Yes/No","defense_safeties","all","game","NO","","UNMAPPED"
"N7NOi3M6n1BxFnb2HEeg","defense_safeties-all-game-yn-yes","Any Defensive Safeties Yes/No","defense_safeties","all","game","YES","","UNMAPPED"
"N7NOi3M6n1BxFnb2HEeg","points-all-game-eo-even","Total Points Even/Odd","points","all","game","EVEN","","UNMAPPED"
"N7NOi3M6n1BxFnb2HEeg","points-all-game-eo-odd","Total Points Even/Odd","points","all","game","ODD","","UNMAPPED"
"N7NOi3M6n1BxFnb2HEeg","points-away-game-eo-even","Carolina Panthers Points Even/Odd","points","away","game","EVEN","","PARTIALLY_MAPPED"
"N7NOi3M6n1BxFnb2HEeg","points-away-game-eo-odd","Carolina Panthers Points Even/Odd","points","away","game","ODD","","PARTIALLY_MAPPED"
"N7NOi3M6n1BxFnb2HEeg","points-home-game-eo-even","Cleveland Browns Points Even/Odd","points","home","game","EVEN","","PARTIALLY_MAPPED"
"N7NOi3M6n1BxFnb2HEeg","points-home-game-eo-odd","Cleveland Browns Points Even/Odd","points","home","game","ODD","","PARTIALLY_MAPPED"
"N7NOi3M6n1BxFnb2HEeg","fieldGoals_longestMade-all-game-ou-over","Total Longest Field Goal Made Over/Under","fieldGoals_longestMade","all","game","OVER","49.5","UNMAPPED"
"N7NOi3M6n1BxFnb2HEeg","fieldGoals_longestMade-all-game-ou-under","Total Longest Field Goal Made Over/Under","fieldGoals_longestMade","all","game","UNDER","49.5","UNMAPPED"
"N7NOi3M6n1BxFnb2HEeg","points-away-1q-yn-no","Carolina Panthers Any 1st Quarter Points Yes/No","points","away","1q","NO","","PARTIALLY_MAPPED"
"N7NOi3M6n1BxFnb2HEeg","points-away-1q-yn-yes","Carolina Panthers Any 1st Quarter Points Yes/No","points","away","1q","YES","","PARTIALLY_MAPPED"
"N7NOi3M6n1BxFnb2HEeg","points-all-1h-ml3way-draw","1st Half 3-Way Moneyline","points","all","1h","DRAW","","UNMAPPED"
"N7NOi3M6n1BxFnb2HEeg","points-away-1h-ml3way-away","1st Half 3-Way Moneyline","points","away","1h","AWAY","","PARTIALLY_MAPPED"
"N7NOi3M6n1BxFnb2HEeg","points-home-1h-ml3way-home","1st Half 3-Way Moneyline","points","home","1h","HOME","","PARTIALLY_MAPPED"
"N7NOi3M6n1BxFnb2HEeg","fieldGoals_made-all-1h-ou-over","Total 1st Half Field Goals Made Over/Under","fieldGoals_made","all","1h","OVER","1.5","UNMAPPED"
"N7NOi3M6n1BxFnb2HEeg","fieldGoals_made-all-1h-ou-under","Total 1st Half Field Goals Made Over/Under","fieldGoals_made","all","1h","UNDER","1.5","UNMAPPED"
"N7NOi3M6n1BxFnb2HEeg","points-away-1h-yn-no","Carolina Panthers Any 1st Half Points Yes/No","points","away","1h","NO","","PARTIALLY_MAPPED"
"N7NOi3M6n1BxFnb2HEeg","points-away-1h-yn-yes","Carolina Panthers Any 1st Half Points Yes/No","points","away","1h","YES","","PARTIALLY_MAPPED"
"N7NOi3M6n1BxFnb2HEeg","points-home-1h-yn-no","Cleveland Browns Any 1st Half Points Yes/No","points","home","1h","NO","","PARTIALLY_MAPPED"
"N7NOi3M6n1BxFnb2HEeg","points-home-1h-yn-yes","Cleveland Browns Any 1st Half Points Yes/No","points","home","1h","YES","","PARTIALLY_MAPPED"
"N7NOi3M6n1BxFnb2HEeg","points-all-1h-eo-even","Total 1st Half Points Even/Odd","points","all","1h","EVEN","","UNMAPPED"
"N7NOi3M6n1BxFnb2HEeg","points-all-1h-eo-odd","Total 1st Half Points Even/Odd","points","all","1h","ODD","","UNMAPPED"
"N7NOi3M6n1BxFnb2HEeg","points-all-1q-eo-even","Total 1st Quarter Points Even/Odd","points","all","1q","EVEN","","UNMAPPED"
"N7NOi3M6n1BxFnb2HEeg","points-all-1q-eo-odd","Total 1st Quarter Points Even/Odd","points","all","1q","ODD","","UNMAPPED"
"N7NOi3M6n1BxFnb2HEeg","points-all-1q-ml3way-draw","1st Quarter 3-Way Moneyline","points","all","1q","DRAW","","UNMAPPED"
"N7NOi3M6n1BxFnb2HEeg","points-away-1h-eo-even","Carolina Panthers 1st Half Points Even/Odd","points","away","1h","EVEN","","PARTIALLY_MAPPED"
"N7NOi3M6n1BxFnb2HEeg","points-away-1h-eo-odd","Carolina Panthers 1st Half Points Even/Odd","points","away","1h","ODD","","PARTIALLY_MAPPED"
"N7NOi3M6n1BxFnb2HEeg","points-away-1q-eo-even","Carolina Panthers 1st Quarter Points Even/Odd","points","away","1q","EVEN","","PARTIALLY_MAPPED"
"N7NOi3M6n1BxFnb2HEeg","points-away-1q-eo-odd","Carolina Panthers 1st Quarter Points Even/Odd","points","away","1q","ODD","","PARTIALLY_MAPPED"
"N7NOi3M6n1BxFnb2HEeg","points-away-1q-ml3way-away","1st Quarter 3-Way Moneyline","points","away","1q","AWAY","","PARTIALLY_MAPPED"
"N7NOi3M6n1BxFnb2HEeg","points-home-1h-eo-even","Cleveland Browns 1st Half Points Even/Odd","points","home","1h","EVEN","","PARTIALLY_MAPPED"
"N7NOi3M6n1BxFnb2HEeg","points-home-1h-eo-odd","Cleveland Browns 1st Half Points Even/Odd","points","home","1h","ODD","","PARTIALLY_MAPPED"
"N7NOi3M6n1BxFnb2HEeg","points-home-1q-eo-even","Cleveland Browns 1st Quarter Points Even/Odd","points","home","1q","EVEN","","PARTIALLY_MAPPED"
"N7NOi3M6n1BxFnb2HEeg","points-home-1q-eo-odd","Cleveland Browns 1st Quarter Points Even/Odd","points","home","1q","ODD","","PARTIALLY_MAPPED"
"N7NOi3M6n1BxFnb2HEeg","points-home-1q-ml3way-home","1st Quarter 3-Way Moneyline","points","home","1q","HOME","","PARTIALLY_MAPPED"
"N7NOi3M6n1BxFnb2HEeg","points-all-2q-ml3way-draw","2nd Quarter 3-Way Moneyline","points","all","2q","DRAW","","UNMAPPED"
"N7NOi3M6n1BxFnb2HEeg","points-all-3q-ml3way-draw","3rd Quarter 3-Way Moneyline","points","all","3q","DRAW","","UNMAPPED"
"N7NOi3M6n1BxFnb2HEeg","points-all-4q-ml3way-draw","4th Quarter 3-Way Moneyline","points","all","4q","DRAW","","UNMAPPED"
"N7NOi3M6n1BxFnb2HEeg","points-away-2h-yn-no","Carolina Panthers Any 2nd Half Points Yes/No","points","away","2h","NO","","PARTIALLY_MAPPED"
"N7NOi3M6n1BxFnb2HEeg","points-away-2h-yn-yes","Carolina Panthers Any 2nd Half Points Yes/No","points","away","2h","YES","","PARTIALLY_MAPPED"
"N7NOi3M6n1BxFnb2HEeg","points-away-2q-ml3way-away","2nd Quarter 3-Way Moneyline","points","away","2q","AWAY","","PARTIALLY_MAPPED"
"N7NOi3M6n1BxFnb2HEeg","points-away-3q-ml3way-away","3rd Quarter 3-Way Moneyline","points","away","3q","AWAY","","PARTIALLY_MAPPED"
"N7NOi3M6n1BxFnb2HEeg","points-away-4q-ml3way-away","4th Quarter 3-Way Moneyline","points","away","4q","AWAY","","PARTIALLY_MAPPED"
"N7NOi3M6n1BxFnb2HEeg","points-home-2h-yn-no","Cleveland Browns Any 2nd Half Points Yes/No","points","home","2h","NO","","PARTIALLY_MAPPED"
"N7NOi3M6n1BxFnb2HEeg","points-home-2h-yn-yes","Cleveland Browns Any 2nd Half Points Yes/No","points","home","2h","YES","","PARTIALLY_MAPPED"
"N7NOi3M6n1BxFnb2HEeg","points-home-2q-ml3way-home","2nd Quarter 3-Way Moneyline","points","home","2q","HOME","","PARTIALLY_MAPPED"
"N7NOi3M6n1BxFnb2HEeg","points-home-3q-ml3way-home","3rd Quarter 3-Way Moneyline","points","home","3q","HOME","","PARTIALLY_MAPPED"
"N7NOi3M6n1BxFnb2HEeg","points-home-4q-ml3way-home","4th Quarter 3-Way Moneyline","points","home","4q","HOME","","PARTIALLY_MAPPED"
"N7NOi3M6n1BxFnb2HEeg","fieldGoals_made-all-game-ou-over","Total Field Goals Made Over/Under","fieldGoals_made","all","game","OVER","3.5","UNMAPPED"
"N7NOi3M6n1BxFnb2HEeg","fieldGoals_made-all-game-ou-under","Total Field Goals Made Over/Under","fieldGoals_made","all","game","UNDER","3.5","UNMAPPED"
"N7NOi3M6n1BxFnb2HEeg","points-all-1q-yn-no","Any 1st Quarter Points Yes/No","points","all","1q","NO","","UNMAPPED"
"N7NOi3M6n1BxFnb2HEeg","points-all-1q-yn-yes","Any 1st Quarter Points Yes/No","points","all","1q","YES","","UNMAPPED"
"N7NOi3M6n1BxFnb2HEeg","fieldGoals_made-RYAN_FITZGERALD_1_NFL-game-ou-over","Ryan Fitzgerald Field Goals Made Over/Under","fieldGoals_made","RYAN_FITZGERALD_1_NFL","game","OVER","1.5","PARTIALLY_MAPPED"
"N7NOi3M6n1BxFnb2HEeg","fieldGoals_made-RYAN_FITZGERALD_1_NFL-game-ou-over","Ryan Fitzgerald Field Goals Made Over/Under","fieldGoals_made","RYAN_FITZGERALD_1_NFL","game","OVER","0.5","PARTIALLY_MAPPED"
"N7NOi3M6n1BxFnb2HEeg","fieldGoals_made-RYAN_FITZGERALD_1_NFL-game-ou-over","Ryan Fitzgerald Field Goals Made Over/Under","fieldGoals_made","RYAN_FITZGERALD_1_NFL","game","OVER","2.5","PARTIALLY_MAPPED"
"N7NOi3M6n1BxFnb2HEeg","fieldGoals_made-RYAN_FITZGERALD_1_NFL-game-ou-over","Ryan Fitzgerald Field Goals Made Over/Under","fieldGoals_made","RYAN_FITZGERALD_1_NFL","game","OVER","3.5","PARTIALLY_MAPPED"
"N7NOi3M6n1BxFnb2HEeg","fieldGoals_made-RYAN_FITZGERALD_1_NFL-game-ou-under","Ryan Fitzgerald Field Goals Made Over/Under","fieldGoals_made","RYAN_FITZGERALD_1_NFL","game","UNDER","1.5","PARTIALLY_MAPPED"
"N7NOi3M6n1BxFnb2HEeg","fieldGoals_made-ANDRE_SZMYT_1_NFL-game-ou-over","Andre Szmyt Field Goals Made Over/Under","fieldGoals_made","ANDRE_SZMYT_1_NFL","game","OVER","1.5","PARTIALLY_MAPPED"
"N7NOi3M6n1BxFnb2HEeg","fieldGoals_made-ANDRE_SZMYT_1_NFL-game-ou-over","Andre Szmyt Field Goals Made Over/Under","fieldGoals_made","ANDRE_SZMYT_1_NFL","game","OVER","0.5","PARTIALLY_MAPPED"
"N7NOi3M6n1BxFnb2HEeg","fieldGoals_made-ANDRE_SZMYT_1_NFL-game-ou-over","Andre Szmyt Field Goals Made Over/Under","fieldGoals_made","ANDRE_SZMYT_1_NFL","game","OVER","2.5","PARTIALLY_MAPPED"
"N7NOi3M6n1BxFnb2HEeg","fieldGoals_made-ANDRE_SZMYT_1_NFL-game-ou-over","Andre Szmyt Field Goals Made Over/Under","fieldGoals_made","ANDRE_SZMYT_1_NFL","game","OVER","3.5","PARTIALLY_MAPPED"
"N7NOi3M6n1BxFnb2HEeg","fieldGoals_made-ANDRE_SZMYT_1_NFL-game-ou-under","Andre Szmyt Field Goals Made Over/Under","fieldGoals_made","ANDRE_SZMYT_1_NFL","game","UNDER","1.5","PARTIALLY_MAPPED"
"N7NOi3M6n1BxFnb2HEeg","fieldGoals_made-ANDRE_SZMYT_1_NFL-game-yn-yes","Andre Szmyt Any Field Goals Made Yes/No","fieldGoals_made","ANDRE_SZMYT_1_NFL","game","YES","","PARTIALLY_MAPPED"
"N7NOi3M6n1BxFnb2HEeg","fieldGoals_made-RYAN_FITZGERALD_1_NFL-game-yn-yes","Ryan Fitzgerald Any Field Goals Made Yes/No","fieldGoals_made","RYAN_FITZGERALD_1_NFL","game","YES","","PARTIALLY_MAPPED"
"N7NOi3M6n1BxFnb2HEeg","points-all-2h-ml3way-draw","2nd Half 3-Way Moneyline","points","all","2h","DRAW","","UNMAPPED"
"N7NOi3M6n1BxFnb2HEeg","points-away-2h-ml3way-away","2nd Half 3-Way Moneyline","points","away","2h","AWAY","","PARTIALLY_MAPPED"
"N7NOi3M6n1BxFnb2HEeg","points-home-2h-ml3way-home","2nd Half 3-Way Moneyline","points","home","2h","HOME","","PARTIALLY_MAPPED"
"N7NOi3M6n1BxFnb2HEeg","points-all-2h-eo-even","Total 2nd Half Points Even/Odd","points","all","2h","EVEN","","UNMAPPED"
"N7NOi3M6n1BxFnb2HEeg","points-all-2h-eo-odd","Total 2nd Half Points Even/Odd","points","all","2h","ODD","","UNMAPPED"
"N7NOi3M6n1BxFnb2HEeg","points-away-2h-eo-even","Carolina Panthers 2nd Half Points Even/Odd","points","away","2h","EVEN","","PARTIALLY_MAPPED"
"N7NOi3M6n1BxFnb2HEeg","points-away-2h-eo-odd","Carolina Panthers 2nd Half Points Even/Odd","points","away","2h","ODD","","PARTIALLY_MAPPED"
"N7NOi3M6n1BxFnb2HEeg","points-home-2h-eo-even","Cleveland Browns 2nd Half Points Even/Odd","points","home","2h","EVEN","","PARTIALLY_MAPPED"
"N7NOi3M6n1BxFnb2HEeg","points-home-2h-eo-odd","Cleveland Browns 2nd Half Points Even/Odd","points","home","2h","ODD","","PARTIALLY_MAPPED"
"N7NOi3M6n1BxFnb2HEeg","defense_safeties-away-game-yn-no","Carolina Panthers Any Defensive Safeties Yes/No","defense_safeties","away","game","NO","","PARTIALLY_MAPPED"
"N7NOi3M6n1BxFnb2HEeg","defense_safeties-away-game-yn-yes","Carolina Panthers Any Defensive Safeties Yes/No","defense_safeties","away","game","YES","","PARTIALLY_MAPPED"
"N7NOi3M6n1BxFnb2HEeg","defense_safeties-home-game-yn-no","Cleveland Browns Any Defensive Safeties Yes/No","defense_safeties","home","game","NO","","PARTIALLY_MAPPED"
"N7NOi3M6n1BxFnb2HEeg","defense_safeties-home-game-yn-yes","Cleveland Browns Any Defensive Safeties Yes/No","defense_safeties","home","game","YES","","PARTIALLY_MAPPED"
"N7NOi3M6n1BxFnb2HEeg","fieldGoals_made-all-2h-ou-over","Total 2nd Half Field Goals Made Over/Under","fieldGoals_made","all","2h","OVER","1.5","UNMAPPED"
"N7NOi3M6n1BxFnb2HEeg","fieldGoals_made-all-2h-ou-under","Total 2nd Half Field Goals Made Over/Under","fieldGoals_made","all","2h","UNDER","1.5","UNMAPPED"
"N7NOi3M6n1BxFnb2HEeg","largestLead-all-game-ou-over","Total Largest Lead Over/Under","largestLead","all","game","OVER","13.5","UNMAPPED"
"N7NOi3M6n1BxFnb2HEeg","largestLead-all-game-ou-under","Total Largest Lead Over/Under","largestLead","all","game","UNDER","13.5","UNMAPPED"
"N7NOi3M6n1BxFnb2HEeg","punting_numPunts-all-game-ou-over","Total Punts Over/Under","punting_numPunts","all","game","OVER","7.5","UNMAPPED"
"N7NOi3M6n1BxFnb2HEeg","punting_numPunts-all-game-ou-under","Total Punts Over/Under","punting_numPunts","all","game","UNDER","7.5","UNMAPPED"
"N7NOi3M6n1BxFnb2HEeg","turnovers-all-game-ou-over","Total Turnovers Over/Under","turnovers","all","game","OVER","2.5","UNMAPPED"
"N7NOi3M6n1BxFnb2HEeg","turnovers-all-game-ou-under","Total Turnovers Over/Under","turnovers","all","game","UNDER","2.5","UNMAPPED"
"Nn93CE6r1lUECiQZwWgQ","points-home-1q-yn-no","Pittsburgh Steelers Any 1st Quarter Points Yes/No","points","home","1q","NO","","PARTIALLY_MAPPED"
"Nn93CE6r1lUECiQZwWgQ","points-home-1q-yn-yes","Pittsburgh Steelers Any 1st Quarter Points Yes/No","points","home","1q","YES","","PARTIALLY_MAPPED"
"Nn93CE6r1lUECiQZwWgQ","defense_safeties-all-game-yn-no","Any Defensive Safeties Yes/No","defense_safeties","all","game","NO","","UNMAPPED"
"Nn93CE6r1lUECiQZwWgQ","defense_safeties-all-game-yn-yes","Any Defensive Safeties Yes/No","defense_safeties","all","game","YES","","UNMAPPED"
"Nn93CE6r1lUECiQZwWgQ","fieldGoals_longestMade-all-game-ou-over","Total Longest Field Goal Made Over/Under","fieldGoals_longestMade","all","game","OVER","50.5","UNMAPPED"
"Nn93CE6r1lUECiQZwWgQ","fieldGoals_longestMade-all-game-ou-under","Total Longest Field Goal Made Over/Under","fieldGoals_longestMade","all","game","UNDER","50.5","UNMAPPED"
"Nn93CE6r1lUECiQZwWgQ","points-all-game-eo-even","Total Points Even/Odd","points","all","game","EVEN","","UNMAPPED"
"Nn93CE6r1lUECiQZwWgQ","points-all-game-eo-odd","Total Points Even/Odd","points","all","game","ODD","","UNMAPPED"
"Nn93CE6r1lUECiQZwWgQ","points-away-game-eo-even","Cincinnati Bengals Points Even/Odd","points","away","game","EVEN","","PARTIALLY_MAPPED"
"Nn93CE6r1lUECiQZwWgQ","points-away-game-eo-odd","Cincinnati Bengals Points Even/Odd","points","away","game","ODD","","PARTIALLY_MAPPED"
"Nn93CE6r1lUECiQZwWgQ","points-home-game-eo-even","Pittsburgh Steelers Points Even/Odd","points","home","game","EVEN","","PARTIALLY_MAPPED"
"Nn93CE6r1lUECiQZwWgQ","points-home-game-eo-odd","Pittsburgh Steelers Points Even/Odd","points","home","game","ODD","","PARTIALLY_MAPPED"
"Nn93CE6r1lUECiQZwWgQ","fieldGoals_made-all-game-ou-over","Total Field Goals Made Over/Under","fieldGoals_made","all","game","OVER","3.5","UNMAPPED"
"Nn93CE6r1lUECiQZwWgQ","fieldGoals_made-all-game-ou-under","Total Field Goals Made Over/Under","fieldGoals_made","all","game","UNDER","3.5","UNMAPPED"
"Nn93CE6r1lUECiQZwWgQ","points-away-1q-yn-no","Cincinnati Bengals Any 1st Quarter Points Yes/No","points","away","1q","NO","","PARTIALLY_MAPPED"
"Nn93CE6r1lUECiQZwWgQ","points-away-1q-yn-yes","Cincinnati Bengals Any 1st Quarter Points Yes/No","points","away","1q","YES","","PARTIALLY_MAPPED"
"Nn93CE6r1lUECiQZwWgQ","points-all-1h-eo-even","Total 1st Half Points Even/Odd","points","all","1h","EVEN","","UNMAPPED"
"Nn93CE6r1lUECiQZwWgQ","points-all-1h-eo-odd","Total 1st Half Points Even/Odd","points","all","1h","ODD","","UNMAPPED"
"Nn93CE6r1lUECiQZwWgQ","points-all-1h-ml3way-draw","1st Half 3-Way Moneyline","points","all","1h","DRAW","","UNMAPPED"
"Nn93CE6r1lUECiQZwWgQ","points-all-1q-eo-even","Total 1st Quarter Points Even/Odd","points","all","1q","EVEN","","UNMAPPED"
"Nn93CE6r1lUECiQZwWgQ","points-all-1q-eo-odd","Total 1st Quarter Points Even/Odd","points","all","1q","ODD","","UNMAPPED"
"Nn93CE6r1lUECiQZwWgQ","points-all-1q-ml3way-draw","1st Quarter 3-Way Moneyline","points","all","1q","DRAW","","UNMAPPED"
"Nn93CE6r1lUECiQZwWgQ","points-away-1h-eo-even","Cincinnati Bengals 1st Half Points Even/Odd","points","away","1h","EVEN","","PARTIALLY_MAPPED"
"Nn93CE6r1lUECiQZwWgQ","points-away-1h-eo-odd","Cincinnati Bengals 1st Half Points Even/Odd","points","away","1h","ODD","","PARTIALLY_MAPPED"
"Nn93CE6r1lUECiQZwWgQ","points-away-1h-ml3way-away","1st Half 3-Way Moneyline","points","away","1h","AWAY","","PARTIALLY_MAPPED"
"Nn93CE6r1lUECiQZwWgQ","points-away-1q-eo-even","Cincinnati Bengals 1st Quarter Points Even/Odd","points","away","1q","EVEN","","PARTIALLY_MAPPED"
"Nn93CE6r1lUECiQZwWgQ","points-away-1q-eo-odd","Cincinnati Bengals 1st Quarter Points Even/Odd","points","away","1q","ODD","","PARTIALLY_MAPPED"
"Nn93CE6r1lUECiQZwWgQ","points-away-1q-ml3way-away","1st Quarter 3-Way Moneyline","points","away","1q","AWAY","","PARTIALLY_MAPPED"
"Nn93CE6r1lUECiQZwWgQ","points-home-1h-eo-even","Pittsburgh Steelers 1st Half Points Even/Odd","points","home","1h","EVEN","","PARTIALLY_MAPPED"
"Nn93CE6r1lUECiQZwWgQ","points-home-1h-eo-odd","Pittsburgh Steelers 1st Half Points Even/Odd","points","home","1h","ODD","","PARTIALLY_MAPPED"
"Nn93CE6r1lUECiQZwWgQ","points-home-1h-ml3way-home","1st Half 3-Way Moneyline","points","home","1h","HOME","","PARTIALLY_MAPPED"
"Nn93CE6r1lUECiQZwWgQ","points-home-1q-eo-even","Pittsburgh Steelers 1st Quarter Points Even/Odd","points","home","1q","EVEN","","PARTIALLY_MAPPED"
"Nn93CE6r1lUECiQZwWgQ","points-home-1q-eo-odd","Pittsburgh Steelers 1st Quarter Points Even/Odd","points","home","1q","ODD","","PARTIALLY_MAPPED"
"Nn93CE6r1lUECiQZwWgQ","points-home-1q-ml3way-home","1st Quarter 3-Way Moneyline","points","home","1q","HOME","","PARTIALLY_MAPPED"
"Nn93CE6r1lUECiQZwWgQ","points-all-2q-ml3way-draw","2nd Quarter 3-Way Moneyline","points","all","2q","DRAW","","UNMAPPED"
"Nn93CE6r1lUECiQZwWgQ","points-all-3q-ml3way-draw","3rd Quarter 3-Way Moneyline","points","all","3q","DRAW","","UNMAPPED"
"Nn93CE6r1lUECiQZwWgQ","points-all-4q-ml3way-draw","4th Quarter 3-Way Moneyline","points","all","4q","DRAW","","UNMAPPED"
"Nn93CE6r1lUECiQZwWgQ","points-away-1h-yn-no","Cincinnati Bengals Any 1st Half Points Yes/No","points","away","1h","NO","","PARTIALLY_MAPPED"
"Nn93CE6r1lUECiQZwWgQ","points-away-1h-yn-yes","Cincinnati Bengals Any 1st Half Points Yes/No","points","away","1h","YES","","PARTIALLY_MAPPED"
"Nn93CE6r1lUECiQZwWgQ","points-away-2h-yn-no","Cincinnati Bengals Any 2nd Half Points Yes/No","points","away","2h","NO","","PARTIALLY_MAPPED"
"Nn93CE6r1lUECiQZwWgQ","points-away-2h-yn-yes","Cincinnati Bengals Any 2nd Half Points Yes/No","points","away","2h","YES","","PARTIALLY_MAPPED"
"Nn93CE6r1lUECiQZwWgQ","points-away-2q-ml3way-away","2nd Quarter 3-Way Moneyline","points","away","2q","AWAY","","PARTIALLY_MAPPED"
"Nn93CE6r1lUECiQZwWgQ","points-away-3q-ml3way-away","3rd Quarter 3-Way Moneyline","points","away","3q","AWAY","","PARTIALLY_MAPPED"
"Nn93CE6r1lUECiQZwWgQ","points-away-4q-ml3way-away","4th Quarter 3-Way Moneyline","points","away","4q","AWAY","","PARTIALLY_MAPPED"
"Nn93CE6r1lUECiQZwWgQ","points-home-1h-yn-no","Pittsburgh Steelers Any 1st Half Points Yes/No","points","home","1h","NO","","PARTIALLY_MAPPED"
"Nn93CE6r1lUECiQZwWgQ","points-home-1h-yn-yes","Pittsburgh Steelers Any 1st Half Points Yes/No","points","home","1h","YES","","PARTIALLY_MAPPED"
"Nn93CE6r1lUECiQZwWgQ","points-home-2h-yn-no","Pittsburgh Steelers Any 2nd Half Points Yes/No","points","home","2h","NO","","PARTIALLY_MAPPED"
"Nn93CE6r1lUECiQZwWgQ","points-home-2h-yn-yes","Pittsburgh Steelers Any 2nd Half Points Yes/No","points","home","2h","YES","","PARTIALLY_MAPPED"
"Nn93CE6r1lUECiQZwWgQ","points-home-2q-ml3way-home","2nd Quarter 3-Way Moneyline","points","home","2q","HOME","","PARTIALLY_MAPPED"
"Nn93CE6r1lUECiQZwWgQ","points-home-3q-ml3way-home","3rd Quarter 3-Way Moneyline","points","home","3q","HOME","","PARTIALLY_MAPPED"
"Nn93CE6r1lUECiQZwWgQ","points-home-4q-ml3way-home","4th Quarter 3-Way Moneyline","points","home","4q","HOME","","PARTIALLY_MAPPED"
"Nn93CE6r1lUECiQZwWgQ","fieldGoals_made-all-1h-ou-over","Total 1st Half Field Goals Made Over/Under","fieldGoals_made","all","1h","OVER","2.5","UNMAPPED"
"Nn93CE6r1lUECiQZwWgQ","fieldGoals_made-all-1h-ou-under","Total 1st Half Field Goals Made Over/Under","fieldGoals_made","all","1h","UNDER","2.5","UNMAPPED"
"Nn93CE6r1lUECiQZwWgQ","points-all-2h-ml3way-draw","2nd Half 3-Way Moneyline","points","all","2h","DRAW","","UNMAPPED"
"Nn93CE6r1lUECiQZwWgQ","points-away-2h-ml3way-away","2nd Half 3-Way Moneyline","points","away","2h","AWAY","","PARTIALLY_MAPPED"
"Nn93CE6r1lUECiQZwWgQ","points-home-2h-ml3way-home","2nd Half 3-Way Moneyline","points","home","2h","HOME","","PARTIALLY_MAPPED"
"Nn93CE6r1lUECiQZwWgQ","fieldGoals_made-CHRIS_BOSWELL_1_NFL-game-ou-over","Chris Boswell Field Goals Made Over/Under","fieldGoals_made","CHRIS_BOSWELL_1_NFL","game","OVER","1.5","PARTIALLY_MAPPED"
"Nn93CE6r1lUECiQZwWgQ","fieldGoals_made-CHRIS_BOSWELL_1_NFL-game-ou-over","Chris Boswell Field Goals Made Over/Under","fieldGoals_made","CHRIS_BOSWELL_1_NFL","game","OVER","0.5","PARTIALLY_MAPPED"
"Nn93CE6r1lUECiQZwWgQ","fieldGoals_made-CHRIS_BOSWELL_1_NFL-game-ou-over","Chris Boswell Field Goals Made Over/Under","fieldGoals_made","CHRIS_BOSWELL_1_NFL","game","OVER","2.5","PARTIALLY_MAPPED"
"Nn93CE6r1lUECiQZwWgQ","fieldGoals_made-CHRIS_BOSWELL_1_NFL-game-ou-over","Chris Boswell Field Goals Made Over/Under","fieldGoals_made","CHRIS_BOSWELL_1_NFL","game","OVER","3.5","PARTIALLY_MAPPED"
"Nn93CE6r1lUECiQZwWgQ","fieldGoals_made-CHRIS_BOSWELL_1_NFL-game-ou-under","Chris Boswell Field Goals Made Over/Under","fieldGoals_made","CHRIS_BOSWELL_1_NFL","game","UNDER","1.5","PARTIALLY_MAPPED"
"Nn93CE6r1lUECiQZwWgQ","fieldGoals_made-CHRIS_BOSWELL_1_NFL-game-yn-yes","Chris Boswell Any Field Goals Made Yes/No","fieldGoals_made","CHRIS_BOSWELL_1_NFL","game","YES","","PARTIALLY_MAPPED"
"Nn93CE6r1lUECiQZwWgQ","fieldGoals_made-EVAN_MCPHERSON_1_NFL-game-ou-over","Evan McPherson Field Goals Made Over/Under","fieldGoals_made","EVAN_MCPHERSON_1_NFL","game","OVER","1.5","PARTIALLY_MAPPED"
"Nn93CE6r1lUECiQZwWgQ","fieldGoals_made-EVAN_MCPHERSON_1_NFL-game-ou-over","Evan McPherson Field Goals Made Over/Under","fieldGoals_made","EVAN_MCPHERSON_1_NFL","game","OVER","0.5","PARTIALLY_MAPPED"
"Nn93CE6r1lUECiQZwWgQ","fieldGoals_made-EVAN_MCPHERSON_1_NFL-game-ou-over","Evan McPherson Field Goals Made Over/Under","fieldGoals_made","EVAN_MCPHERSON_1_NFL","game","OVER","2.5","PARTIALLY_MAPPED"
"Nn93CE6r1lUECiQZwWgQ","fieldGoals_made-EVAN_MCPHERSON_1_NFL-game-ou-over","Evan McPherson Field Goals Made Over/Under","fieldGoals_made","EVAN_MCPHERSON_1_NFL","game","OVER","3.5","PARTIALLY_MAPPED"
"Nn93CE6r1lUECiQZwWgQ","fieldGoals_made-EVAN_MCPHERSON_1_NFL-game-ou-under","Evan McPherson Field Goals Made Over/Under","fieldGoals_made","EVAN_MCPHERSON_1_NFL","game","UNDER","1.5","PARTIALLY_MAPPED"
"Nn93CE6r1lUECiQZwWgQ","points-all-2h-eo-even","Total 2nd Half Points Even/Odd","points","all","2h","EVEN","","UNMAPPED"
"Nn93CE6r1lUECiQZwWgQ","points-all-2h-eo-odd","Total 2nd Half Points Even/Odd","points","all","2h","ODD","","UNMAPPED"
"Nn93CE6r1lUECiQZwWgQ","points-away-2h-eo-even","Cincinnati Bengals 2nd Half Points Even/Odd","points","away","2h","EVEN","","PARTIALLY_MAPPED"
"Nn93CE6r1lUECiQZwWgQ","points-away-2h-eo-odd","Cincinnati Bengals 2nd Half Points Even/Odd","points","away","2h","ODD","","PARTIALLY_MAPPED"
"Nn93CE6r1lUECiQZwWgQ","points-home-2h-eo-even","Pittsburgh Steelers 2nd Half Points Even/Odd","points","home","2h","EVEN","","PARTIALLY_MAPPED"
"Nn93CE6r1lUECiQZwWgQ","points-home-2h-eo-odd","Pittsburgh Steelers 2nd Half Points Even/Odd","points","home","2h","ODD","","PARTIALLY_MAPPED"
"Nn93CE6r1lUECiQZwWgQ","fieldGoals_made-EVAN_MCPHERSON_1_NFL-game-yn-yes","Evan McPherson Any Field Goals Made Yes/No","fieldGoals_made","EVAN_MCPHERSON_1_NFL","game","YES","","PARTIALLY_MAPPED"
"Nn93CE6r1lUECiQZwWgQ","defense_safeties-away-game-yn-no","Cincinnati Bengals Any Defensive Safeties Yes/No","defense_safeties","away","game","NO","","PARTIALLY_MAPPED"
"Nn93CE6r1lUECiQZwWgQ","defense_safeties-away-game-yn-yes","Cincinnati Bengals Any Defensive Safeties Yes/No","defense_safeties","away","game","YES","","PARTIALLY_MAPPED"
"Nn93CE6r1lUECiQZwWgQ","defense_safeties-home-game-yn-no","Pittsburgh Steelers Any Defensive Safeties Yes/No","defense_safeties","home","game","NO","","PARTIALLY_MAPPED"
"Nn93CE6r1lUECiQZwWgQ","defense_safeties-home-game-yn-yes","Pittsburgh Steelers Any Defensive Safeties Yes/No","defense_safeties","home","game","YES","","PARTIALLY_MAPPED"
"Nn93CE6r1lUECiQZwWgQ","fieldGoals_made-all-2h-ou-over","Total 2nd Half Field Goals Made Over/Under","fieldGoals_made","all","2h","OVER","1.5","UNMAPPED"
"Nn93CE6r1lUECiQZwWgQ","fieldGoals_made-all-2h-ou-under","Total 2nd Half Field Goals Made Over/Under","fieldGoals_made","all","2h","UNDER","1.5","UNMAPPED"
"Nn93CE6r1lUECiQZwWgQ","largestLead-all-game-ou-over","Total Largest Lead Over/Under","largestLead","all","game","OVER","13.5","UNMAPPED"
"Nn93CE6r1lUECiQZwWgQ","largestLead-all-game-ou-under","Total Largest Lead Over/Under","largestLead","all","game","UNDER","13.5","UNMAPPED"
"Nn93CE6r1lUECiQZwWgQ","punting_numPunts-all-game-ou-over","Total Punts Over/Under","punting_numPunts","all","game","OVER","7.5","UNMAPPED"
"Nn93CE6r1lUECiQZwWgQ","punting_numPunts-all-game-ou-over","Total Punts Over/Under","punting_numPunts","all","game","OVER","8.5","UNMAPPED"
"Nn93CE6r1lUECiQZwWgQ","punting_numPunts-all-game-ou-under","Total Punts Over/Under","punting_numPunts","all","game","UNDER","7.5","UNMAPPED"
"Nn93CE6r1lUECiQZwWgQ","punting_numPunts-all-game-ou-under","Total Punts Over/Under","punting_numPunts","all","game","UNDER","8.5","UNMAPPED"
"Nn93CE6r1lUECiQZwWgQ","turnovers-all-game-ou-over","Total Turnovers Over/Under","turnovers","all","game","OVER","2.5","UNMAPPED"
"Nn93CE6r1lUECiQZwWgQ","turnovers-all-game-ou-under","Total Turnovers Over/Under","turnovers","all","game","UNDER","2.5","UNMAPPED"
"VgLWOqsMZA96fIe0KZSP","points-away-1q-yn-no","Los Angeles Chargers Any 1st Quarter Points Yes/No","points","away","1q","NO","","PARTIALLY_MAPPED"
"VgLWOqsMZA96fIe0KZSP","points-away-1q-yn-yes","Los Angeles Chargers Any 1st Quarter Points Yes/No","points","away","1q","YES","","PARTIALLY_MAPPED"
"VgLWOqsMZA96fIe0KZSP","defense_safeties-all-game-yn-no","Any Defensive Safeties Yes/No","defense_safeties","all","game","NO","","UNMAPPED"
"VgLWOqsMZA96fIe0KZSP","defense_safeties-all-game-yn-yes","Any Defensive Safeties Yes/No","defense_safeties","all","game","YES","","UNMAPPED"
"VgLWOqsMZA96fIe0KZSP","points-away-game-eo-even","Los Angeles Chargers Points Even/Odd","points","away","game","EVEN","","PARTIALLY_MAPPED"
"VgLWOqsMZA96fIe0KZSP","points-away-game-eo-odd","Los Angeles Chargers Points Even/Odd","points","away","game","ODD","","PARTIALLY_MAPPED"
"VgLWOqsMZA96fIe0KZSP","points-home-game-eo-even","Buffalo Bills Points Even/Odd","points","home","game","EVEN","","PARTIALLY_MAPPED"
"VgLWOqsMZA96fIe0KZSP","points-home-game-eo-odd","Buffalo Bills Points Even/Odd","points","home","game","ODD","","PARTIALLY_MAPPED"
"VgLWOqsMZA96fIe0KZSP","fieldGoals_longestMade-all-game-ou-over","Total Longest Field Goal Made Over/Under","fieldGoals_longestMade","all","game","OVER","48.5","UNMAPPED"
"VgLWOqsMZA96fIe0KZSP","fieldGoals_longestMade-all-game-ou-under","Total Longest Field Goal Made Over/Under","fieldGoals_longestMade","all","game","UNDER","48.5","UNMAPPED"
"VgLWOqsMZA96fIe0KZSP","points-all-1h-ml3way-draw","1st Half 3-Way Moneyline","points","all","1h","DRAW","","UNMAPPED"
"VgLWOqsMZA96fIe0KZSP","points-away-1h-ml3way-away","1st Half 3-Way Moneyline","points","away","1h","AWAY","","PARTIALLY_MAPPED"
"VgLWOqsMZA96fIe0KZSP","points-home-1h-ml3way-home","1st Half 3-Way Moneyline","points","home","1h","HOME","","PARTIALLY_MAPPED"
"VgLWOqsMZA96fIe0KZSP","points-all-game-eo-even","Total Points Even/Odd","points","all","game","EVEN","","UNMAPPED"
"VgLWOqsMZA96fIe0KZSP","points-all-game-eo-odd","Total Points Even/Odd","points","all","game","ODD","","UNMAPPED"
"VgLWOqsMZA96fIe0KZSP","points-away-1h-yn-no","Los Angeles Chargers Any 1st Half Points Yes/No","points","away","1h","NO","","PARTIALLY_MAPPED"
"VgLWOqsMZA96fIe0KZSP","points-away-1h-yn-yes","Los Angeles Chargers Any 1st Half Points Yes/No","points","away","1h","YES","","PARTIALLY_MAPPED"
"VgLWOqsMZA96fIe0KZSP","points-all-1h-eo-even","Total 1st Half Points Even/Odd","points","all","1h","EVEN","","UNMAPPED"
"VgLWOqsMZA96fIe0KZSP","points-all-1h-eo-odd","Total 1st Half Points Even/Odd","points","all","1h","ODD","","UNMAPPED"
"VgLWOqsMZA96fIe0KZSP","points-all-1q-eo-even","Total 1st Quarter Points Even/Odd","points","all","1q","EVEN","","UNMAPPED"
"VgLWOqsMZA96fIe0KZSP","points-all-1q-eo-odd","Total 1st Quarter Points Even/Odd","points","all","1q","ODD","","UNMAPPED"
"VgLWOqsMZA96fIe0KZSP","points-all-1q-ml3way-draw","1st Quarter 3-Way Moneyline","points","all","1q","DRAW","","UNMAPPED"
"VgLWOqsMZA96fIe0KZSP","points-away-1h-eo-even","Los Angeles Chargers 1st Half Points Even/Odd","points","away","1h","EVEN","","PARTIALLY_MAPPED"
"VgLWOqsMZA96fIe0KZSP","points-away-1h-eo-odd","Los Angeles Chargers 1st Half Points Even/Odd","points","away","1h","ODD","","PARTIALLY_MAPPED"
"VgLWOqsMZA96fIe0KZSP","points-away-1q-eo-even","Los Angeles Chargers 1st Quarter Points Even/Odd","points","away","1q","EVEN","","PARTIALLY_MAPPED"
"VgLWOqsMZA96fIe0KZSP","points-away-1q-eo-odd","Los Angeles Chargers 1st Quarter Points Even/Odd","points","away","1q","ODD","","PARTIALLY_MAPPED"
"VgLWOqsMZA96fIe0KZSP","points-away-1q-ml3way-away","1st Quarter 3-Way Moneyline","points","away","1q","AWAY","","PARTIALLY_MAPPED"
"VgLWOqsMZA96fIe0KZSP","points-home-1h-eo-even","Buffalo Bills 1st Half Points Even/Odd","points","home","1h","EVEN","","PARTIALLY_MAPPED"
"VgLWOqsMZA96fIe0KZSP","points-home-1h-eo-odd","Buffalo Bills 1st Half Points Even/Odd","points","home","1h","ODD","","PARTIALLY_MAPPED"
"VgLWOqsMZA96fIe0KZSP","points-home-1q-eo-even","Buffalo Bills 1st Quarter Points Even/Odd","points","home","1q","EVEN","","PARTIALLY_MAPPED"
"VgLWOqsMZA96fIe0KZSP","points-home-1q-eo-odd","Buffalo Bills 1st Quarter Points Even/Odd","points","home","1q","ODD","","PARTIALLY_MAPPED"
"VgLWOqsMZA96fIe0KZSP","points-home-1q-ml3way-home","1st Quarter 3-Way Moneyline","points","home","1q","HOME","","PARTIALLY_MAPPED"
"VgLWOqsMZA96fIe0KZSP","points-all-2q-ml3way-draw","2nd Quarter 3-Way Moneyline","points","all","2q","DRAW","","UNMAPPED"
"VgLWOqsMZA96fIe0KZSP","points-all-3q-ml3way-draw","3rd Quarter 3-Way Moneyline","points","all","3q","DRAW","","UNMAPPED"
"VgLWOqsMZA96fIe0KZSP","points-all-4q-ml3way-draw","4th Quarter 3-Way Moneyline","points","all","4q","DRAW","","UNMAPPED"
"VgLWOqsMZA96fIe0KZSP","points-away-2h-yn-no","Los Angeles Chargers Any 2nd Half Points Yes/No","points","away","2h","NO","","PARTIALLY_MAPPED"
"VgLWOqsMZA96fIe0KZSP","points-away-2h-yn-yes","Los Angeles Chargers Any 2nd Half Points Yes/No","points","away","2h","YES","","PARTIALLY_MAPPED"
"VgLWOqsMZA96fIe0KZSP","points-away-2q-ml3way-away","2nd Quarter 3-Way Moneyline","points","away","2q","AWAY","","PARTIALLY_MAPPED"
"VgLWOqsMZA96fIe0KZSP","points-away-3q-ml3way-away","3rd Quarter 3-Way Moneyline","points","away","3q","AWAY","","PARTIALLY_MAPPED"
"VgLWOqsMZA96fIe0KZSP","points-away-4q-ml3way-away","4th Quarter 3-Way Moneyline","points","away","4q","AWAY","","PARTIALLY_MAPPED"
"VgLWOqsMZA96fIe0KZSP","points-home-2q-ml3way-home","2nd Quarter 3-Way Moneyline","points","home","2q","HOME","","PARTIALLY_MAPPED"
"VgLWOqsMZA96fIe0KZSP","points-home-3q-ml3way-home","3rd Quarter 3-Way Moneyline","points","home","3q","HOME","","PARTIALLY_MAPPED"
"VgLWOqsMZA96fIe0KZSP","points-home-4q-ml3way-home","4th Quarter 3-Way Moneyline","points","home","4q","HOME","","PARTIALLY_MAPPED"
"VgLWOqsMZA96fIe0KZSP","fieldGoals_made-all-game-ou-over","Total Field Goals Made Over/Under","fieldGoals_made","all","game","OVER","3.5","UNMAPPED"
"VgLWOqsMZA96fIe0KZSP","fieldGoals_made-all-game-ou-under","Total Field Goals Made Over/Under","fieldGoals_made","all","game","UNDER","3.5","UNMAPPED"
"VgLWOqsMZA96fIe0KZSP","fieldGoals_made-all-1h-ou-over","Total 1st Half Field Goals Made Over/Under","fieldGoals_made","all","1h","OVER","1.5","UNMAPPED"
"VgLWOqsMZA96fIe0KZSP","fieldGoals_made-all-1h-ou-under","Total 1st Half Field Goals Made Over/Under","fieldGoals_made","all","1h","UNDER","1.5","UNMAPPED"
"VgLWOqsMZA96fIe0KZSP","points-all-2h-ml3way-draw","2nd Half 3-Way Moneyline","points","all","2h","DRAW","","UNMAPPED"
"VgLWOqsMZA96fIe0KZSP","points-away-2h-ml3way-away","2nd Half 3-Way Moneyline","points","away","2h","AWAY","","PARTIALLY_MAPPED"
"VgLWOqsMZA96fIe0KZSP","points-home-2h-ml3way-home","2nd Half 3-Way Moneyline","points","home","2h","HOME","","PARTIALLY_MAPPED"
"VgLWOqsMZA96fIe0KZSP","fieldGoals_made-CAMERON_DICKER_1_NFL-game-ou-over","Cameron Dicker Field Goals Made Over/Under","fieldGoals_made","CAMERON_DICKER_1_NFL","game","OVER","1.5","PARTIALLY_MAPPED"
"VgLWOqsMZA96fIe0KZSP","fieldGoals_made-CAMERON_DICKER_1_NFL-game-ou-over","Cameron Dicker Field Goals Made Over/Under","fieldGoals_made","CAMERON_DICKER_1_NFL","game","OVER","0.5","PARTIALLY_MAPPED"
"VgLWOqsMZA96fIe0KZSP","fieldGoals_made-CAMERON_DICKER_1_NFL-game-ou-over","Cameron Dicker Field Goals Made Over/Under","fieldGoals_made","CAMERON_DICKER_1_NFL","game","OVER","2.5","PARTIALLY_MAPPED"
"VgLWOqsMZA96fIe0KZSP","fieldGoals_made-CAMERON_DICKER_1_NFL-game-ou-under","Cameron Dicker Field Goals Made Over/Under","fieldGoals_made","CAMERON_DICKER_1_NFL","game","UNDER","1.5","PARTIALLY_MAPPED"
"VgLWOqsMZA96fIe0KZSP","fieldGoals_made-CAMERON_DICKER_1_NFL-game-yn-yes","Cameron Dicker Any Field Goals Made Yes/No","fieldGoals_made","CAMERON_DICKER_1_NFL","game","YES","","PARTIALLY_MAPPED"
"VgLWOqsMZA96fIe0KZSP","fieldGoals_made-TYLER_BASS_1_NFL-game-ou-over","Tyler Bass Field Goals Made Over/Under","fieldGoals_made","TYLER_BASS_1_NFL","game","OVER","1.5","PARTIALLY_MAPPED"
"VgLWOqsMZA96fIe0KZSP","fieldGoals_made-TYLER_BASS_1_NFL-game-ou-over","Tyler Bass Field Goals Made Over/Under","fieldGoals_made","TYLER_BASS_1_NFL","game","OVER","0.5","PARTIALLY_MAPPED"
"VgLWOqsMZA96fIe0KZSP","fieldGoals_made-TYLER_BASS_1_NFL-game-ou-over","Tyler Bass Field Goals Made Over/Under","fieldGoals_made","TYLER_BASS_1_NFL","game","OVER","2.5","PARTIALLY_MAPPED"
"VgLWOqsMZA96fIe0KZSP","fieldGoals_made-TYLER_BASS_1_NFL-game-ou-over","Tyler Bass Field Goals Made Over/Under","fieldGoals_made","TYLER_BASS_1_NFL","game","OVER","3.5","PARTIALLY_MAPPED"
"VgLWOqsMZA96fIe0KZSP","fieldGoals_made-TYLER_BASS_1_NFL-game-ou-under","Tyler Bass Field Goals Made Over/Under","fieldGoals_made","TYLER_BASS_1_NFL","game","UNDER","1.5","PARTIALLY_MAPPED"
"VgLWOqsMZA96fIe0KZSP","fieldGoals_made-TYLER_BASS_1_NFL-game-yn-yes","Tyler Bass Any Field Goals Made Yes/No","fieldGoals_made","TYLER_BASS_1_NFL","game","YES","","PARTIALLY_MAPPED"
"VgLWOqsMZA96fIe0KZSP","points-all-2h-eo-even","Total 2nd Half Points Even/Odd","points","all","2h","EVEN","","UNMAPPED"
"VgLWOqsMZA96fIe0KZSP","points-all-2h-eo-odd","Total 2nd Half Points Even/Odd","points","all","2h","ODD","","UNMAPPED"
"VgLWOqsMZA96fIe0KZSP","points-away-2h-eo-even","Los Angeles Chargers 2nd Half Points Even/Odd","points","away","2h","EVEN","","PARTIALLY_MAPPED"
"VgLWOqsMZA96fIe0KZSP","points-away-2h-eo-odd","Los Angeles Chargers 2nd Half Points Even/Odd","points","away","2h","ODD","","PARTIALLY_MAPPED"
"VgLWOqsMZA96fIe0KZSP","points-home-2h-eo-even","Buffalo Bills 2nd Half Points Even/Odd","points","home","2h","EVEN","","PARTIALLY_MAPPED"
"VgLWOqsMZA96fIe0KZSP","points-home-2h-eo-odd","Buffalo Bills 2nd Half Points Even/Odd","points","home","2h","ODD","","PARTIALLY_MAPPED"
"VgLWOqsMZA96fIe0KZSP","defense_safeties-away-game-yn-no","Los Angeles Chargers Any Defensive Safeties Yes/No","defense_safeties","away","game","NO","","PARTIALLY_MAPPED"
"VgLWOqsMZA96fIe0KZSP","defense_safeties-away-game-yn-yes","Los Angeles Chargers Any Defensive Safeties Yes/No","defense_safeties","away","game","YES","","PARTIALLY_MAPPED"
"VgLWOqsMZA96fIe0KZSP","defense_safeties-home-game-yn-no","Buffalo Bills Any Defensive Safeties Yes/No","defense_safeties","home","game","NO","","PARTIALLY_MAPPED"
"VgLWOqsMZA96fIe0KZSP","defense_safeties-home-game-yn-yes","Buffalo Bills Any Defensive Safeties Yes/No","defense_safeties","home","game","YES","","PARTIALLY_MAPPED"
"VgLWOqsMZA96fIe0KZSP","fieldGoals_made-all-2h-ou-over","Total 2nd Half Field Goals Made Over/Under","fieldGoals_made","all","2h","OVER","1.5","UNMAPPED"
"VgLWOqsMZA96fIe0KZSP","fieldGoals_made-all-2h-ou-under","Total 2nd Half Field Goals Made Over/Under","fieldGoals_made","all","2h","UNDER","1.5","UNMAPPED"
"VgLWOqsMZA96fIe0KZSP","largestLead-all-game-ou-over","Total Largest Lead Over/Under","largestLead","all","game","OVER","15.5","UNMAPPED"
"VgLWOqsMZA96fIe0KZSP","largestLead-all-game-ou-under","Total Largest Lead Over/Under","largestLead","all","game","UNDER","15.5","UNMAPPED"
"VgLWOqsMZA96fIe0KZSP","punting_numPunts-all-game-ou-over","Total Punts Over/Under","punting_numPunts","all","game","OVER","5.5","UNMAPPED"
"VgLWOqsMZA96fIe0KZSP","punting_numPunts-all-game-ou-under","Total Punts Over/Under","punting_numPunts","all","game","UNDER","5.5","UNMAPPED"
"VgLWOqsMZA96fIe0KZSP","turnovers-all-game-ou-over","Total Turnovers Over/Under","turnovers","all","game","OVER","2.5","UNMAPPED"
"VgLWOqsMZA96fIe0KZSP","turnovers-all-game-ou-under","Total Turnovers Over/Under","turnovers","all","game","UNDER","2.5","UNMAPPED"
"eUlyYGlpZPVnyu1oODcx","points-home-1q-yn-no","Washington Commanders Any 1st Quarter Points Yes/No","points","home","1q","NO","","PARTIALLY_MAPPED"
"eUlyYGlpZPVnyu1oODcx","points-home-1q-yn-yes","Washington Commanders Any 1st Quarter Points Yes/No","points","home","1q","YES","","PARTIALLY_MAPPED"
"eUlyYGlpZPVnyu1oODcx","defense_safeties-all-game-yn-no","Any Defensive Safeties Yes/No","defense_safeties","all","game","NO","","UNMAPPED"
"eUlyYGlpZPVnyu1oODcx","defense_safeties-all-game-yn-yes","Any Defensive Safeties Yes/No","defense_safeties","all","game","YES","","UNMAPPED"
"eUlyYGlpZPVnyu1oODcx","points-all-game-eo-even","Total Points Even/Odd","points","all","game","EVEN","","UNMAPPED"
"eUlyYGlpZPVnyu1oODcx","points-all-game-eo-odd","Total Points Even/Odd","points","all","game","ODD","","UNMAPPED"
"eUlyYGlpZPVnyu1oODcx","points-away-game-eo-even","Seattle Seahawks Points Even/Odd","points","away","game","EVEN","","PARTIALLY_MAPPED"
"eUlyYGlpZPVnyu1oODcx","points-away-game-eo-odd","Seattle Seahawks Points Even/Odd","points","away","game","ODD","","PARTIALLY_MAPPED"
"eUlyYGlpZPVnyu1oODcx","points-home-game-eo-even","Washington Commanders Points Even/Odd","points","home","game","EVEN","","PARTIALLY_MAPPED"
"eUlyYGlpZPVnyu1oODcx","points-home-game-eo-odd","Washington Commanders Points Even/Odd","points","home","game","ODD","","PARTIALLY_MAPPED"
"eUlyYGlpZPVnyu1oODcx","fieldGoals_longestMade-all-game-ou-over","Total Longest Field Goal Made Over/Under","fieldGoals_longestMade","all","game","OVER","50.5","UNMAPPED"
"eUlyYGlpZPVnyu1oODcx","fieldGoals_longestMade-all-game-ou-over","Total Longest Field Goal Made Over/Under","fieldGoals_longestMade","all","game","OVER","49.5","UNMAPPED"
"eUlyYGlpZPVnyu1oODcx","fieldGoals_longestMade-all-game-ou-under","Total Longest Field Goal Made Over/Under","fieldGoals_longestMade","all","game","UNDER","50.5","UNMAPPED"
"eUlyYGlpZPVnyu1oODcx","fieldGoals_longestMade-all-game-ou-under","Total Longest Field Goal Made Over/Under","fieldGoals_longestMade","all","game","UNDER","49.5","UNMAPPED"
"eUlyYGlpZPVnyu1oODcx","points-home-2h-yn-no","Washington Commanders Any 2nd Half Points Yes/No","points","home","2h","NO","","PARTIALLY_MAPPED"
"eUlyYGlpZPVnyu1oODcx","points-home-2h-yn-yes","Washington Commanders Any 2nd Half Points Yes/No","points","home","2h","YES","","PARTIALLY_MAPPED"
"eUlyYGlpZPVnyu1oODcx","points-all-1h-ml3way-draw","1st Half 3-Way Moneyline","points","all","1h","DRAW","","UNMAPPED"
"eUlyYGlpZPVnyu1oODcx","points-away-1h-ml3way-away","1st Half 3-Way Moneyline","points","away","1h","AWAY","","PARTIALLY_MAPPED"
"eUlyYGlpZPVnyu1oODcx","points-home-1h-ml3way-home","1st Half 3-Way Moneyline","points","home","1h","HOME","","PARTIALLY_MAPPED"
"eUlyYGlpZPVnyu1oODcx","points-away-1q-yn-no","Seattle Seahawks Any 1st Quarter Points Yes/No","points","away","1q","NO","","PARTIALLY_MAPPED"
"eUlyYGlpZPVnyu1oODcx","points-away-1q-yn-yes","Seattle Seahawks Any 1st Quarter Points Yes/No","points","away","1q","YES","","PARTIALLY_MAPPED"
"eUlyYGlpZPVnyu1oODcx","fieldGoals_made-all-1h-ou-over","Total 1st Half Field Goals Made Over/Under","fieldGoals_made","all","1h","OVER","1.5","UNMAPPED"
"eUlyYGlpZPVnyu1oODcx","fieldGoals_made-all-1h-ou-under","Total 1st Half Field Goals Made Over/Under","fieldGoals_made","all","1h","UNDER","1.5","UNMAPPED"
"eUlyYGlpZPVnyu1oODcx","points-all-1h-eo-even","Total 1st Half Points Even/Odd","points","all","1h","EVEN","","UNMAPPED"
"eUlyYGlpZPVnyu1oODcx","points-all-1h-eo-odd","Total 1st Half Points Even/Odd","points","all","1h","ODD","","UNMAPPED"
"eUlyYGlpZPVnyu1oODcx","points-all-1q-eo-even","Total 1st Quarter Points Even/Odd","points","all","1q","EVEN","","UNMAPPED"
"eUlyYGlpZPVnyu1oODcx","points-all-1q-eo-odd","Total 1st Quarter Points Even/Odd","points","all","1q","ODD","","UNMAPPED"
"eUlyYGlpZPVnyu1oODcx","points-all-1q-ml3way-draw","1st Quarter 3-Way Moneyline","points","all","1q","DRAW","","UNMAPPED"
"eUlyYGlpZPVnyu1oODcx","points-away-1h-eo-even","Seattle Seahawks 1st Half Points Even/Odd","points","away","1h","EVEN","","PARTIALLY_MAPPED"
"eUlyYGlpZPVnyu1oODcx","points-away-1h-eo-odd","Seattle Seahawks 1st Half Points Even/Odd","points","away","1h","ODD","","PARTIALLY_MAPPED"
"eUlyYGlpZPVnyu1oODcx","points-away-1q-eo-even","Seattle Seahawks 1st Quarter Points Even/Odd","points","away","1q","EVEN","","PARTIALLY_MAPPED"
"eUlyYGlpZPVnyu1oODcx","points-away-1q-eo-odd","Seattle Seahawks 1st Quarter Points Even/Odd","points","away","1q","ODD","","PARTIALLY_MAPPED"
"eUlyYGlpZPVnyu1oODcx","points-away-1q-ml3way-away","1st Quarter 3-Way Moneyline","points","away","1q","AWAY","","PARTIALLY_MAPPED"
"eUlyYGlpZPVnyu1oODcx","points-home-1h-eo-even","Washington Commanders 1st Half Points Even/Odd","points","home","1h","EVEN","","PARTIALLY_MAPPED"
"eUlyYGlpZPVnyu1oODcx","points-home-1h-eo-odd","Washington Commanders 1st Half Points Even/Odd","points","home","1h","ODD","","PARTIALLY_MAPPED"
"eUlyYGlpZPVnyu1oODcx","points-home-1q-eo-even","Washington Commanders 1st Quarter Points Even/Odd","points","home","1q","EVEN","","PARTIALLY_MAPPED"
"eUlyYGlpZPVnyu1oODcx","points-home-1q-eo-odd","Washington Commanders 1st Quarter Points Even/Odd","points","home","1q","ODD","","PARTIALLY_MAPPED"
"eUlyYGlpZPVnyu1oODcx","points-home-1q-ml3way-home","1st Quarter 3-Way Moneyline","points","home","1q","HOME","","PARTIALLY_MAPPED"
"eUlyYGlpZPVnyu1oODcx","points-all-2q-ml3way-draw","2nd Quarter 3-Way Moneyline","points","all","2q","DRAW","","UNMAPPED"
"eUlyYGlpZPVnyu1oODcx","points-all-3q-ml3way-draw","3rd Quarter 3-Way Moneyline","points","all","3q","DRAW","","UNMAPPED"
"eUlyYGlpZPVnyu1oODcx","points-all-4q-ml3way-draw","4th Quarter 3-Way Moneyline","points","all","4q","DRAW","","UNMAPPED"
"eUlyYGlpZPVnyu1oODcx","points-away-2h-yn-no","Seattle Seahawks Any 2nd Half Points Yes/No","points","away","2h","NO","","PARTIALLY_MAPPED"
"eUlyYGlpZPVnyu1oODcx","points-away-2h-yn-yes","Seattle Seahawks Any 2nd Half Points Yes/No","points","away","2h","YES","","PARTIALLY_MAPPED"
"eUlyYGlpZPVnyu1oODcx","points-away-2q-ml3way-away","2nd Quarter 3-Way Moneyline","points","away","2q","AWAY","","PARTIALLY_MAPPED"
"eUlyYGlpZPVnyu1oODcx","points-away-3q-ml3way-away","3rd Quarter 3-Way Moneyline","points","away","3q","AWAY","","PARTIALLY_MAPPED"
"eUlyYGlpZPVnyu1oODcx","points-away-4q-ml3way-away","4th Quarter 3-Way Moneyline","points","away","4q","AWAY","","PARTIALLY_MAPPED"
"eUlyYGlpZPVnyu1oODcx","points-home-1h-yn-no","Washington Commanders Any 1st Half Points Yes/No","points","home","1h","NO","","PARTIALLY_MAPPED"
"eUlyYGlpZPVnyu1oODcx","points-home-1h-yn-yes","Washington Commanders Any 1st Half Points Yes/No","points","home","1h","YES","","PARTIALLY_MAPPED"
"eUlyYGlpZPVnyu1oODcx","points-home-2q-ml3way-home","2nd Quarter 3-Way Moneyline","points","home","2q","HOME","","PARTIALLY_MAPPED"
"eUlyYGlpZPVnyu1oODcx","points-home-3q-ml3way-home","3rd Quarter 3-Way Moneyline","points","home","3q","HOME","","PARTIALLY_MAPPED"
"eUlyYGlpZPVnyu1oODcx","points-home-4q-ml3way-home","4th Quarter 3-Way Moneyline","points","home","4q","HOME","","PARTIALLY_MAPPED"
"eUlyYGlpZPVnyu1oODcx","points-home-game-yn-no","Washington Commanders Any Points Yes/No","points","home","game","NO","","PARTIALLY_MAPPED"
"eUlyYGlpZPVnyu1oODcx","points-home-game-yn-yes","Washington Commanders Any Points Yes/No","points","home","game","YES","","PARTIALLY_MAPPED"
"eUlyYGlpZPVnyu1oODcx","fieldGoals_made-all-game-ou-over","Total Field Goals Made Over/Under","fieldGoals_made","all","game","OVER","3.5","UNMAPPED"
"eUlyYGlpZPVnyu1oODcx","fieldGoals_made-all-game-ou-under","Total Field Goals Made Over/Under","fieldGoals_made","all","game","UNDER","3.5","UNMAPPED"
"eUlyYGlpZPVnyu1oODcx","points-all-2h-ml3way-draw","2nd Half 3-Way Moneyline","points","all","2h","DRAW","","UNMAPPED"
"eUlyYGlpZPVnyu1oODcx","points-away-2h-ml3way-away","2nd Half 3-Way Moneyline","points","away","2h","AWAY","","PARTIALLY_MAPPED"
"eUlyYGlpZPVnyu1oODcx","points-home-2h-ml3way-home","2nd Half 3-Way Moneyline","points","home","2h","HOME","","PARTIALLY_MAPPED"
"eUlyYGlpZPVnyu1oODcx","fieldGoals_made-JASON_MYERS_1_NFL-game-ou-over","Jason Myers Field Goals Made Over/Under","fieldGoals_made","JASON_MYERS_1_NFL","game","OVER","1.5","PARTIALLY_MAPPED"
"eUlyYGlpZPVnyu1oODcx","fieldGoals_made-JASON_MYERS_1_NFL-game-ou-over","Jason Myers Field Goals Made Over/Under","fieldGoals_made","JASON_MYERS_1_NFL","game","OVER","0.5","PARTIALLY_MAPPED"
"eUlyYGlpZPVnyu1oODcx","fieldGoals_made-JASON_MYERS_1_NFL-game-ou-over","Jason Myers Field Goals Made Over/Under","fieldGoals_made","JASON_MYERS_1_NFL","game","OVER","2.5","PARTIALLY_MAPPED"
"eUlyYGlpZPVnyu1oODcx","fieldGoals_made-JASON_MYERS_1_NFL-game-ou-over","Jason Myers Field Goals Made Over/Under","fieldGoals_made","JASON_MYERS_1_NFL","game","OVER","3.5","PARTIALLY_MAPPED"
"eUlyYGlpZPVnyu1oODcx","fieldGoals_made-JASON_MYERS_1_NFL-game-ou-under","Jason Myers Field Goals Made Over/Under","fieldGoals_made","JASON_MYERS_1_NFL","game","UNDER","1.5","PARTIALLY_MAPPED"
"eUlyYGlpZPVnyu1oODcx","points-all-2h-eo-even","Total 2nd Half Points Even/Odd","points","all","2h","EVEN","","UNMAPPED"
"eUlyYGlpZPVnyu1oODcx","points-all-2h-eo-odd","Total 2nd Half Points Even/Odd","points","all","2h","ODD","","UNMAPPED"
"eUlyYGlpZPVnyu1oODcx","points-away-2h-eo-even","Seattle Seahawks 2nd Half Points Even/Odd","points","away","2h","EVEN","","PARTIALLY_MAPPED"
"eUlyYGlpZPVnyu1oODcx","points-away-2h-eo-odd","Seattle Seahawks 2nd Half Points Even/Odd","points","away","2h","ODD","","PARTIALLY_MAPPED"
"eUlyYGlpZPVnyu1oODcx","points-home-2h-eo-even","Washington Commanders 2nd Half Points Even/Odd","points","home","2h","EVEN","","PARTIALLY_MAPPED"
"eUlyYGlpZPVnyu1oODcx","points-home-2h-eo-odd","Washington Commanders 2nd Half Points Even/Odd","points","home","2h","ODD","","PARTIALLY_MAPPED"
"eUlyYGlpZPVnyu1oODcx","points-all-1q-yn-no","Any 1st Quarter Points Yes/No","points","all","1q","NO","","UNMAPPED"
"eUlyYGlpZPVnyu1oODcx","points-all-1q-yn-yes","Any 1st Quarter Points Yes/No","points","all","1q","YES","","UNMAPPED"
"eUlyYGlpZPVnyu1oODcx","fieldGoals_made-DREW_STEVENS_1_NFL-game-ou-over","Drew Stevens Field Goals Made Over/Under","fieldGoals_made","DREW_STEVENS_1_NFL","game","OVER","1.5","PARTIALLY_MAPPED"
"eUlyYGlpZPVnyu1oODcx","fieldGoals_made-DREW_STEVENS_1_NFL-game-ou-over","Drew Stevens Field Goals Made Over/Under","fieldGoals_made","DREW_STEVENS_1_NFL","game","OVER","0.5","PARTIALLY_MAPPED"
"eUlyYGlpZPVnyu1oODcx","fieldGoals_made-DREW_STEVENS_1_NFL-game-ou-over","Drew Stevens Field Goals Made Over/Under","fieldGoals_made","DREW_STEVENS_1_NFL","game","OVER","2.5","PARTIALLY_MAPPED"
"eUlyYGlpZPVnyu1oODcx","fieldGoals_made-DREW_STEVENS_1_NFL-game-ou-under","Drew Stevens Field Goals Made Over/Under","fieldGoals_made","DREW_STEVENS_1_NFL","game","UNDER","1.5","PARTIALLY_MAPPED"
"eUlyYGlpZPVnyu1oODcx","fieldGoals_made-DREW_STEVENS_1_NFL-game-yn-yes","Drew Stevens Any Field Goals Made Yes/No","fieldGoals_made","DREW_STEVENS_1_NFL","game","YES","","PARTIALLY_MAPPED"
"eUlyYGlpZPVnyu1oODcx","fieldGoals_made-JASON_MYERS_1_NFL-game-yn-yes","Jason Myers Any Field Goals Made Yes/No","fieldGoals_made","JASON_MYERS_1_NFL","game","YES","","PARTIALLY_MAPPED"
"eUlyYGlpZPVnyu1oODcx","defense_safeties-away-game-yn-no","Seattle Seahawks Any Defensive Safeties Yes/No","defense_safeties","away","game","NO","","PARTIALLY_MAPPED"
"eUlyYGlpZPVnyu1oODcx","defense_safeties-away-game-yn-yes","Seattle Seahawks Any Defensive Safeties Yes/No","defense_safeties","away","game","YES","","PARTIALLY_MAPPED"
"eUlyYGlpZPVnyu1oODcx","fieldGoals_made-all-2h-ou-over","Total 2nd Half Field Goals Made Over/Under","fieldGoals_made","all","2h","OVER","1.5","UNMAPPED"
"eUlyYGlpZPVnyu1oODcx","fieldGoals_made-all-2h-ou-under","Total 2nd Half Field Goals Made Over/Under","fieldGoals_made","all","2h","UNDER","1.5","UNMAPPED"
"eUlyYGlpZPVnyu1oODcx","largestLead-all-game-ou-over","Total Largest Lead Over/Under","largestLead","all","game","OVER","14.5","UNMAPPED"
"eUlyYGlpZPVnyu1oODcx","largestLead-all-game-ou-under","Total Largest Lead Over/Under","largestLead","all","game","UNDER","14.5","UNMAPPED"
"eUlyYGlpZPVnyu1oODcx","punting_numPunts-all-game-ou-over","Total Punts Over/Under","punting_numPunts","all","game","OVER","7.5","UNMAPPED"
"eUlyYGlpZPVnyu1oODcx","punting_numPunts-all-game-ou-over","Total Punts Over/Under","punting_numPunts","all","game","OVER","8.5","UNMAPPED"
"eUlyYGlpZPVnyu1oODcx","punting_numPunts-all-game-ou-under","Total Punts Over/Under","punting_numPunts","all","game","UNDER","7.5","UNMAPPED"
"eUlyYGlpZPVnyu1oODcx","punting_numPunts-all-game-ou-under","Total Punts Over/Under","punting_numPunts","all","game","UNDER","8.5","UNMAPPED"
"eUlyYGlpZPVnyu1oODcx","turnovers-all-game-ou-over","Total Turnovers Over/Under","turnovers","all","game","OVER","2.5","UNMAPPED"
"eUlyYGlpZPVnyu1oODcx","turnovers-all-game-ou-under","Total Turnovers Over/Under","turnovers","all","game","UNDER","2.5","UNMAPPED"
"kmtQjhKbb7xyPLLKrbAp","defense_safeties-all-game-yn-no","Any Defensive Safeties Yes/No","defense_safeties","all","game","NO","","UNMAPPED"
"kmtQjhKbb7xyPLLKrbAp","defense_safeties-all-game-yn-yes","Any Defensive Safeties Yes/No","defense_safeties","all","game","YES","","UNMAPPED"
"kmtQjhKbb7xyPLLKrbAp","points-away-game-eo-even","Houston Texans Points Even/Odd","points","away","game","EVEN","","PARTIALLY_MAPPED"
"kmtQjhKbb7xyPLLKrbAp","points-away-game-eo-odd","Houston Texans Points Even/Odd","points","away","game","ODD","","PARTIALLY_MAPPED"
"kmtQjhKbb7xyPLLKrbAp","points-home-game-eo-even","Indianapolis Colts Points Even/Odd","points","home","game","EVEN","","PARTIALLY_MAPPED"
"kmtQjhKbb7xyPLLKrbAp","points-home-game-eo-odd","Indianapolis Colts Points Even/Odd","points","home","game","ODD","","PARTIALLY_MAPPED"
"kmtQjhKbb7xyPLLKrbAp","points-all-game-eo-even","Total Points Even/Odd","points","all","game","EVEN","","UNMAPPED"
"kmtQjhKbb7xyPLLKrbAp","points-all-game-eo-odd","Total Points Even/Odd","points","all","game","ODD","","UNMAPPED"
"kmtQjhKbb7xyPLLKrbAp","points-home-1q-yn-no","Indianapolis Colts Any 1st Quarter Points Yes/No","points","home","1q","NO","","PARTIALLY_MAPPED"
"kmtQjhKbb7xyPLLKrbAp","points-home-1q-yn-yes","Indianapolis Colts Any 1st Quarter Points Yes/No","points","home","1q","YES","","PARTIALLY_MAPPED"
"kmtQjhKbb7xyPLLKrbAp","points-away-1q-yn-no","Houston Texans Any 1st Quarter Points Yes/No","points","away","1q","NO","","PARTIALLY_MAPPED"
"kmtQjhKbb7xyPLLKrbAp","points-away-1q-yn-yes","Houston Texans Any 1st Quarter Points Yes/No","points","away","1q","YES","","PARTIALLY_MAPPED"
"kmtQjhKbb7xyPLLKrbAp","points-all-1h-ml3way-draw","1st Half 3-Way Moneyline","points","all","1h","DRAW","","UNMAPPED"
"kmtQjhKbb7xyPLLKrbAp","points-away-1h-ml3way-away","1st Half 3-Way Moneyline","points","away","1h","AWAY","","PARTIALLY_MAPPED"
"kmtQjhKbb7xyPLLKrbAp","points-home-1h-ml3way-home","1st Half 3-Way Moneyline","points","home","1h","HOME","","PARTIALLY_MAPPED"
"kmtQjhKbb7xyPLLKrbAp","points-all-1h-eo-even","Total 1st Half Points Even/Odd","points","all","1h","EVEN","","UNMAPPED"
"kmtQjhKbb7xyPLLKrbAp","points-all-1h-eo-odd","Total 1st Half Points Even/Odd","points","all","1h","ODD","","UNMAPPED"
"kmtQjhKbb7xyPLLKrbAp","points-all-1q-eo-even","Total 1st Quarter Points Even/Odd","points","all","1q","EVEN","","UNMAPPED"
"kmtQjhKbb7xyPLLKrbAp","points-all-1q-eo-odd","Total 1st Quarter Points Even/Odd","points","all","1q","ODD","","UNMAPPED"
"kmtQjhKbb7xyPLLKrbAp","points-all-1q-ml3way-draw","1st Quarter 3-Way Moneyline","points","all","1q","DRAW","","UNMAPPED"
"kmtQjhKbb7xyPLLKrbAp","points-away-1h-eo-even","Houston Texans 1st Half Points Even/Odd","points","away","1h","EVEN","","PARTIALLY_MAPPED"
"kmtQjhKbb7xyPLLKrbAp","points-away-1h-eo-odd","Houston Texans 1st Half Points Even/Odd","points","away","1h","ODD","","PARTIALLY_MAPPED"
"kmtQjhKbb7xyPLLKrbAp","points-away-1q-eo-even","Houston Texans 1st Quarter Points Even/Odd","points","away","1q","EVEN","","PARTIALLY_MAPPED"
"kmtQjhKbb7xyPLLKrbAp","points-away-1q-eo-odd","Houston Texans 1st Quarter Points Even/Odd","points","away","1q","ODD","","PARTIALLY_MAPPED"
"kmtQjhKbb7xyPLLKrbAp","points-away-1q-ml3way-away","1st Quarter 3-Way Moneyline","points","away","1q","AWAY","","PARTIALLY_MAPPED"
"kmtQjhKbb7xyPLLKrbAp","points-home-1h-eo-even","Indianapolis Colts 1st Half Points Even/Odd","points","home","1h","EVEN","","PARTIALLY_MAPPED"
"kmtQjhKbb7xyPLLKrbAp","points-home-1h-eo-odd","Indianapolis Colts 1st Half Points Even/Odd","points","home","1h","ODD","","PARTIALLY_MAPPED"
"kmtQjhKbb7xyPLLKrbAp","points-home-1q-eo-even","Indianapolis Colts 1st Quarter Points Even/Odd","points","home","1q","EVEN","","PARTIALLY_MAPPED"
"kmtQjhKbb7xyPLLKrbAp","points-home-1q-eo-odd","Indianapolis Colts 1st Quarter Points Even/Odd","points","home","1q","ODD","","PARTIALLY_MAPPED"
"kmtQjhKbb7xyPLLKrbAp","points-home-1q-ml3way-home","1st Quarter 3-Way Moneyline","points","home","1q","HOME","","PARTIALLY_MAPPED"
"kmtQjhKbb7xyPLLKrbAp","points-all-2q-ml3way-draw","2nd Quarter 3-Way Moneyline","points","all","2q","DRAW","","UNMAPPED"
"kmtQjhKbb7xyPLLKrbAp","points-all-3q-ml3way-draw","3rd Quarter 3-Way Moneyline","points","all","3q","DRAW","","UNMAPPED"
"kmtQjhKbb7xyPLLKrbAp","points-all-4q-ml3way-draw","4th Quarter 3-Way Moneyline","points","all","4q","DRAW","","UNMAPPED"
"kmtQjhKbb7xyPLLKrbAp","points-away-1h-yn-no","Houston Texans Any 1st Half Points Yes/No","points","away","1h","NO","","PARTIALLY_MAPPED"
"kmtQjhKbb7xyPLLKrbAp","points-away-1h-yn-yes","Houston Texans Any 1st Half Points Yes/No","points","away","1h","YES","","PARTIALLY_MAPPED"
"kmtQjhKbb7xyPLLKrbAp","points-away-2q-ml3way-away","2nd Quarter 3-Way Moneyline","points","away","2q","AWAY","","PARTIALLY_MAPPED"
"kmtQjhKbb7xyPLLKrbAp","points-away-3q-ml3way-away","3rd Quarter 3-Way Moneyline","points","away","3q","AWAY","","PARTIALLY_MAPPED"
"kmtQjhKbb7xyPLLKrbAp","points-away-4q-ml3way-away","4th Quarter 3-Way Moneyline","points","away","4q","AWAY","","PARTIALLY_MAPPED"
"kmtQjhKbb7xyPLLKrbAp","points-home-1h-yn-no","Indianapolis Colts Any 1st Half Points Yes/No","points","home","1h","NO","","PARTIALLY_MAPPED"
"kmtQjhKbb7xyPLLKrbAp","points-home-1h-yn-yes","Indianapolis Colts Any 1st Half Points Yes/No","points","home","1h","YES","","PARTIALLY_MAPPED"
"kmtQjhKbb7xyPLLKrbAp","points-home-2h-yn-no","Indianapolis Colts Any 2nd Half Points Yes/No","points","home","2h","NO","","PARTIALLY_MAPPED"
"kmtQjhKbb7xyPLLKrbAp","points-home-2h-yn-yes","Indianapolis Colts Any 2nd Half Points Yes/No","points","home","2h","YES","","PARTIALLY_MAPPED"
"kmtQjhKbb7xyPLLKrbAp","points-home-2q-ml3way-home","2nd Quarter 3-Way Moneyline","points","home","2q","HOME","","PARTIALLY_MAPPED"
"kmtQjhKbb7xyPLLKrbAp","points-home-3q-ml3way-home","3rd Quarter 3-Way Moneyline","points","home","3q","HOME","","PARTIALLY_MAPPED"
"kmtQjhKbb7xyPLLKrbAp","points-home-4q-ml3way-home","4th Quarter 3-Way Moneyline","points","home","4q","HOME","","PARTIALLY_MAPPED"
"kmtQjhKbb7xyPLLKrbAp","fieldGoals_longestMade-all-game-ou-over","Total Longest Field Goal Made Over/Under","fieldGoals_longestMade","all","game","OVER","50.5","UNMAPPED"
"kmtQjhKbb7xyPLLKrbAp","fieldGoals_longestMade-all-game-ou-under","Total Longest Field Goal Made Over/Under","fieldGoals_longestMade","all","game","UNDER","50.5","UNMAPPED"
"kmtQjhKbb7xyPLLKrbAp","fieldGoals_made-all-1h-ou-over","Total 1st Half Field Goals Made Over/Under","fieldGoals_made","all","1h","OVER","2.5","UNMAPPED"
"kmtQjhKbb7xyPLLKrbAp","fieldGoals_made-all-1h-ou-under","Total 1st Half Field Goals Made Over/Under","fieldGoals_made","all","1h","UNDER","2.5","UNMAPPED"
"kmtQjhKbb7xyPLLKrbAp","fieldGoals_made-all-game-ou-over","Total Field Goals Made Over/Under","fieldGoals_made","all","game","OVER","3.5","UNMAPPED"
"kmtQjhKbb7xyPLLKrbAp","fieldGoals_made-all-game-ou-under","Total Field Goals Made Over/Under","fieldGoals_made","all","game","UNDER","3.5","UNMAPPED"
"kmtQjhKbb7xyPLLKrbAp","points-all-2h-ml3way-draw","2nd Half 3-Way Moneyline","points","all","2h","DRAW","","UNMAPPED"
"kmtQjhKbb7xyPLLKrbAp","points-away-2h-ml3way-away","2nd Half 3-Way Moneyline","points","away","2h","AWAY","","PARTIALLY_MAPPED"
"kmtQjhKbb7xyPLLKrbAp","points-home-2h-ml3way-home","2nd Half 3-Way Moneyline","points","home","2h","HOME","","PARTIALLY_MAPPED"
"kmtQjhKbb7xyPLLKrbAp","fieldGoals_made-KAIMI_FAIRBAIRN_1_NFL-game-ou-over","Ka'imi Fairbairn Field Goals Made Over/Under","fieldGoals_made","KAIMI_FAIRBAIRN_1_NFL","game","OVER","1.5","PARTIALLY_MAPPED"
"kmtQjhKbb7xyPLLKrbAp","fieldGoals_made-KAIMI_FAIRBAIRN_1_NFL-game-ou-over","Ka'imi Fairbairn Field Goals Made Over/Under","fieldGoals_made","KAIMI_FAIRBAIRN_1_NFL","game","OVER","0.5","PARTIALLY_MAPPED"
"kmtQjhKbb7xyPLLKrbAp","fieldGoals_made-KAIMI_FAIRBAIRN_1_NFL-game-ou-over","Ka'imi Fairbairn Field Goals Made Over/Under","fieldGoals_made","KAIMI_FAIRBAIRN_1_NFL","game","OVER","2.5","PARTIALLY_MAPPED"
"kmtQjhKbb7xyPLLKrbAp","fieldGoals_made-KAIMI_FAIRBAIRN_1_NFL-game-ou-over","Ka'imi Fairbairn Field Goals Made Over/Under","fieldGoals_made","KAIMI_FAIRBAIRN_1_NFL","game","OVER","3.5","PARTIALLY_MAPPED"
"kmtQjhKbb7xyPLLKrbAp","fieldGoals_made-KAIMI_FAIRBAIRN_1_NFL-game-ou-under","Ka'imi Fairbairn Field Goals Made Over/Under","fieldGoals_made","KAIMI_FAIRBAIRN_1_NFL","game","UNDER","1.5","PARTIALLY_MAPPED"
"kmtQjhKbb7xyPLLKrbAp","fieldGoals_made-SPENCER_SHRADER_1_NFL-game-ou-over","Spencer Shrader Field Goals Made Over/Under","fieldGoals_made","SPENCER_SHRADER_1_NFL","game","OVER","1.5","PARTIALLY_MAPPED"
"kmtQjhKbb7xyPLLKrbAp","fieldGoals_made-SPENCER_SHRADER_1_NFL-game-ou-over","Spencer Shrader Field Goals Made Over/Under","fieldGoals_made","SPENCER_SHRADER_1_NFL","game","OVER","0.5","PARTIALLY_MAPPED"
"kmtQjhKbb7xyPLLKrbAp","fieldGoals_made-SPENCER_SHRADER_1_NFL-game-ou-over","Spencer Shrader Field Goals Made Over/Under","fieldGoals_made","SPENCER_SHRADER_1_NFL","game","OVER","2.5","PARTIALLY_MAPPED"
"kmtQjhKbb7xyPLLKrbAp","fieldGoals_made-SPENCER_SHRADER_1_NFL-game-ou-over","Spencer Shrader Field Goals Made Over/Under","fieldGoals_made","SPENCER_SHRADER_1_NFL","game","OVER","3.5","PARTIALLY_MAPPED"
"kmtQjhKbb7xyPLLKrbAp","fieldGoals_made-SPENCER_SHRADER_1_NFL-game-ou-under","Spencer Shrader Field Goals Made Over/Under","fieldGoals_made","SPENCER_SHRADER_1_NFL","game","UNDER","1.5","PARTIALLY_MAPPED"
"kmtQjhKbb7xyPLLKrbAp","points-all-2h-eo-even","Total 2nd Half Points Even/Odd","points","all","2h","EVEN","","UNMAPPED"
"kmtQjhKbb7xyPLLKrbAp","points-all-2h-eo-odd","Total 2nd Half Points Even/Odd","points","all","2h","ODD","","UNMAPPED"
"kmtQjhKbb7xyPLLKrbAp","points-away-2h-eo-even","Houston Texans 2nd Half Points Even/Odd","points","away","2h","EVEN","","PARTIALLY_MAPPED"
"kmtQjhKbb7xyPLLKrbAp","points-away-2h-eo-odd","Houston Texans 2nd Half Points Even/Odd","points","away","2h","ODD","","PARTIALLY_MAPPED"
"kmtQjhKbb7xyPLLKrbAp","points-home-2h-eo-even","Indianapolis Colts 2nd Half Points Even/Odd","points","home","2h","EVEN","","PARTIALLY_MAPPED"
"kmtQjhKbb7xyPLLKrbAp","points-home-2h-eo-odd","Indianapolis Colts 2nd Half Points Even/Odd","points","home","2h","ODD","","PARTIALLY_MAPPED"
"kmtQjhKbb7xyPLLKrbAp","fieldGoals_made-KAIMI_FAIRBAIRN_1_NFL-game-yn-yes","Ka'imi Fairbairn Any Field Goals Made Yes/No","fieldGoals_made","KAIMI_FAIRBAIRN_1_NFL","game","YES","","PARTIALLY_MAPPED"
"kmtQjhKbb7xyPLLKrbAp","fieldGoals_made-SPENCER_SHRADER_1_NFL-game-yn-yes","Spencer Shrader Any Field Goals Made Yes/No","fieldGoals_made","SPENCER_SHRADER_1_NFL","game","YES","","PARTIALLY_MAPPED"
"kmtQjhKbb7xyPLLKrbAp","defense_safeties-away-game-yn-no","Houston Texans Any Defensive Safeties Yes/No","defense_safeties","away","game","NO","","PARTIALLY_MAPPED"
"kmtQjhKbb7xyPLLKrbAp","defense_safeties-away-game-yn-yes","Houston Texans Any Defensive Safeties Yes/No","defense_safeties","away","game","YES","","PARTIALLY_MAPPED"
"kmtQjhKbb7xyPLLKrbAp","defense_safeties-home-game-yn-no","Indianapolis Colts Any Defensive Safeties Yes/No","defense_safeties","home","game","NO","","PARTIALLY_MAPPED"
"kmtQjhKbb7xyPLLKrbAp","defense_safeties-home-game-yn-yes","Indianapolis Colts Any Defensive Safeties Yes/No","defense_safeties","home","game","YES","","PARTIALLY_MAPPED"
"kmtQjhKbb7xyPLLKrbAp","fieldGoals_made-all-2h-ou-over","Total 2nd Half Field Goals Made Over/Under","fieldGoals_made","all","2h","OVER","1.5","UNMAPPED"
"kmtQjhKbb7xyPLLKrbAp","fieldGoals_made-all-2h-ou-under","Total 2nd Half Field Goals Made Over/Under","fieldGoals_made","all","2h","UNDER","1.5","UNMAPPED"
"kmtQjhKbb7xyPLLKrbAp","largestLead-all-game-ou-over","Total Largest Lead Over/Under","largestLead","all","game","OVER","13.5","UNMAPPED"
"kmtQjhKbb7xyPLLKrbAp","largestLead-all-game-ou-under","Total Largest Lead Over/Under","largestLead","all","game","UNDER","13.5","UNMAPPED"
"kmtQjhKbb7xyPLLKrbAp","punting_numPunts-all-game-ou-over","Total Punts Over/Under","punting_numPunts","all","game","OVER","7.5","UNMAPPED"
"kmtQjhKbb7xyPLLKrbAp","punting_numPunts-all-game-ou-under","Total Punts Over/Under","punting_numPunts","all","game","UNDER","7.5","UNMAPPED"
"kmtQjhKbb7xyPLLKrbAp","turnovers-all-game-ou-over","Total Turnovers Over/Under","turnovers","all","game","OVER","2.5","UNMAPPED"
"kmtQjhKbb7xyPLLKrbAp","turnovers-all-game-ou-under","Total Turnovers Over/Under","turnovers","all","game","UNDER","2.5","UNMAPPED"
"rELr7JbZPQZgbJtOMLsh","defense_safeties-all-game-yn-no","Any Defensive Safeties Yes/No","defense_safeties","all","game","NO","","UNMAPPED"
"rELr7JbZPQZgbJtOMLsh","defense_safeties-all-game-yn-yes","Any Defensive Safeties Yes/No","defense_safeties","all","game","YES","","UNMAPPED"
"rELr7JbZPQZgbJtOMLsh","points-away-game-eo-even","Tennessee Titans Points Even/Odd","points","away","game","EVEN","","PARTIALLY_MAPPED"
"rELr7JbZPQZgbJtOMLsh","points-away-game-eo-odd","Tennessee Titans Points Even/Odd","points","away","game","ODD","","PARTIALLY_MAPPED"
"rELr7JbZPQZgbJtOMLsh","points-home-game-eo-even","New York Giants Points Even/Odd","points","home","game","EVEN","","PARTIALLY_MAPPED"
"rELr7JbZPQZgbJtOMLsh","points-home-game-eo-odd","New York Giants Points Even/Odd","points","home","game","ODD","","PARTIALLY_MAPPED"
"rELr7JbZPQZgbJtOMLsh","fieldGoals_made-all-game-ou-over","Total Field Goals Made Over/Under","fieldGoals_made","all","game","OVER","3.5","UNMAPPED"
"rELr7JbZPQZgbJtOMLsh","fieldGoals_made-all-game-ou-under","Total Field Goals Made Over/Under","fieldGoals_made","all","game","UNDER","3.5","UNMAPPED"
"rELr7JbZPQZgbJtOMLsh","points-all-game-eo-even","Total Points Even/Odd","points","all","game","EVEN","","UNMAPPED"
"rELr7JbZPQZgbJtOMLsh","points-all-game-eo-odd","Total Points Even/Odd","points","all","game","ODD","","UNMAPPED"
"rELr7JbZPQZgbJtOMLsh","points-all-1h-eo-even","Total 1st Half Points Even/Odd","points","all","1h","EVEN","","UNMAPPED"
"rELr7JbZPQZgbJtOMLsh","points-all-1h-eo-odd","Total 1st Half Points Even/Odd","points","all","1h","ODD","","UNMAPPED"
"rELr7JbZPQZgbJtOMLsh","points-all-1h-ml3way-draw","1st Half 3-Way Moneyline","points","all","1h","DRAW","","UNMAPPED"
"rELr7JbZPQZgbJtOMLsh","points-all-1q-eo-even","Total 1st Quarter Points Even/Odd","points","all","1q","EVEN","","UNMAPPED"
"rELr7JbZPQZgbJtOMLsh","points-all-1q-eo-odd","Total 1st Quarter Points Even/Odd","points","all","1q","ODD","","UNMAPPED"
"rELr7JbZPQZgbJtOMLsh","points-all-1q-ml3way-draw","1st Quarter 3-Way Moneyline","points","all","1q","DRAW","","UNMAPPED"
"rELr7JbZPQZgbJtOMLsh","points-away-1h-eo-even","Tennessee Titans 1st Half Points Even/Odd","points","away","1h","EVEN","","PARTIALLY_MAPPED"
"rELr7JbZPQZgbJtOMLsh","points-away-1h-eo-odd","Tennessee Titans 1st Half Points Even/Odd","points","away","1h","ODD","","PARTIALLY_MAPPED"
"rELr7JbZPQZgbJtOMLsh","points-away-1h-ml3way-away","1st Half 3-Way Moneyline","points","away","1h","AWAY","","PARTIALLY_MAPPED"
"rELr7JbZPQZgbJtOMLsh","points-away-1q-eo-even","Tennessee Titans 1st Quarter Points Even/Odd","points","away","1q","EVEN","","PARTIALLY_MAPPED"
"rELr7JbZPQZgbJtOMLsh","points-away-1q-eo-odd","Tennessee Titans 1st Quarter Points Even/Odd","points","away","1q","ODD","","PARTIALLY_MAPPED"
"rELr7JbZPQZgbJtOMLsh","points-away-1q-ml3way-away","1st Quarter 3-Way Moneyline","points","away","1q","AWAY","","PARTIALLY_MAPPED"
"rELr7JbZPQZgbJtOMLsh","points-home-1h-eo-even","New York Giants 1st Half Points Even/Odd","points","home","1h","EVEN","","PARTIALLY_MAPPED"
"rELr7JbZPQZgbJtOMLsh","points-home-1h-eo-odd","New York Giants 1st Half Points Even/Odd","points","home","1h","ODD","","PARTIALLY_MAPPED"
"rELr7JbZPQZgbJtOMLsh","points-home-1h-ml3way-home","1st Half 3-Way Moneyline","points","home","1h","HOME","","PARTIALLY_MAPPED"
"rELr7JbZPQZgbJtOMLsh","points-home-1q-eo-even","New York Giants 1st Quarter Points Even/Odd","points","home","1q","EVEN","","PARTIALLY_MAPPED"
"rELr7JbZPQZgbJtOMLsh","points-home-1q-eo-odd","New York Giants 1st Quarter Points Even/Odd","points","home","1q","ODD","","PARTIALLY_MAPPED"
"rELr7JbZPQZgbJtOMLsh","points-home-1q-ml3way-home","1st Quarter 3-Way Moneyline","points","home","1q","HOME","","PARTIALLY_MAPPED"
"rELr7JbZPQZgbJtOMLsh","points-all-2q-ml3way-draw","2nd Quarter 3-Way Moneyline","points","all","2q","DRAW","","UNMAPPED"
"rELr7JbZPQZgbJtOMLsh","points-all-3q-ml3way-draw","3rd Quarter 3-Way Moneyline","points","all","3q","DRAW","","UNMAPPED"
"rELr7JbZPQZgbJtOMLsh","points-all-4q-ml3way-draw","4th Quarter 3-Way Moneyline","points","all","4q","DRAW","","UNMAPPED"
"rELr7JbZPQZgbJtOMLsh","points-away-1h-yn-no","Tennessee Titans Any 1st Half Points Yes/No","points","away","1h","NO","","PARTIALLY_MAPPED"
"rELr7JbZPQZgbJtOMLsh","points-away-1h-yn-yes","Tennessee Titans Any 1st Half Points Yes/No","points","away","1h","YES","","PARTIALLY_MAPPED"
"rELr7JbZPQZgbJtOMLsh","points-away-1q-yn-no","Tennessee Titans Any 1st Quarter Points Yes/No","points","away","1q","NO","","PARTIALLY_MAPPED"
"rELr7JbZPQZgbJtOMLsh","points-away-1q-yn-yes","Tennessee Titans Any 1st Quarter Points Yes/No","points","away","1q","YES","","PARTIALLY_MAPPED"
"rELr7JbZPQZgbJtOMLsh","points-away-2h-yn-no","Tennessee Titans Any 2nd Half Points Yes/No","points","away","2h","NO","","PARTIALLY_MAPPED"
"rELr7JbZPQZgbJtOMLsh","points-away-2h-yn-yes","Tennessee Titans Any 2nd Half Points Yes/No","points","away","2h","YES","","PARTIALLY_MAPPED"
"rELr7JbZPQZgbJtOMLsh","points-away-2q-ml3way-away","2nd Quarter 3-Way Moneyline","points","away","2q","AWAY","","PARTIALLY_MAPPED"
"rELr7JbZPQZgbJtOMLsh","points-away-3q-ml3way-away","3rd Quarter 3-Way Moneyline","points","away","3q","AWAY","","PARTIALLY_MAPPED"
"rELr7JbZPQZgbJtOMLsh","points-away-4q-ml3way-away","4th Quarter 3-Way Moneyline","points","away","4q","AWAY","","PARTIALLY_MAPPED"
"rELr7JbZPQZgbJtOMLsh","points-away-game-yn-no","Tennessee Titans Any Points Yes/No","points","away","game","NO","","PARTIALLY_MAPPED"
"rELr7JbZPQZgbJtOMLsh","points-away-game-yn-yes","Tennessee Titans Any Points Yes/No","points","away","game","YES","","PARTIALLY_MAPPED"
"rELr7JbZPQZgbJtOMLsh","points-home-2q-ml3way-home","2nd Quarter 3-Way Moneyline","points","home","2q","HOME","","PARTIALLY_MAPPED"
"rELr7JbZPQZgbJtOMLsh","points-home-3q-ml3way-home","3rd Quarter 3-Way Moneyline","points","home","3q","HOME","","PARTIALLY_MAPPED"
"rELr7JbZPQZgbJtOMLsh","points-home-4q-ml3way-home","4th Quarter 3-Way Moneyline","points","home","4q","HOME","","PARTIALLY_MAPPED"
"rELr7JbZPQZgbJtOMLsh","points-all-1q-yn-no","Any 1st Quarter Points Yes/No","points","all","1q","NO","","UNMAPPED"
"rELr7JbZPQZgbJtOMLsh","points-all-1q-yn-yes","Any 1st Quarter Points Yes/No","points","all","1q","YES","","UNMAPPED"
"rELr7JbZPQZgbJtOMLsh","points-home-1q-yn-no","New York Giants Any 1st Quarter Points Yes/No","points","home","1q","NO","","PARTIALLY_MAPPED"
"rELr7JbZPQZgbJtOMLsh","points-home-1q-yn-yes","New York Giants Any 1st Quarter Points Yes/No","points","home","1q","YES","","PARTIALLY_MAPPED"
"rELr7JbZPQZgbJtOMLsh","points-all-2h-ml3way-draw","2nd Half 3-Way Moneyline","points","all","2h","DRAW","","UNMAPPED"
"rELr7JbZPQZgbJtOMLsh","points-away-2h-ml3way-away","2nd Half 3-Way Moneyline","points","away","2h","AWAY","","PARTIALLY_MAPPED"
"rELr7JbZPQZgbJtOMLsh","points-home-2h-ml3way-home","2nd Half 3-Way Moneyline","points","home","2h","HOME","","PARTIALLY_MAPPED"
"rELr7JbZPQZgbJtOMLsh","fieldGoals_made-all-1h-ou-over","Total 1st Half Field Goals Made Over/Under","fieldGoals_made","all","1h","OVER","2.5","UNMAPPED"
"rELr7JbZPQZgbJtOMLsh","fieldGoals_made-all-1h-ou-under","Total 1st Half Field Goals Made Over/Under","fieldGoals_made","all","1h","UNDER","2.5","UNMAPPED"
"rELr7JbZPQZgbJtOMLsh","fieldGoals_longestMade-all-game-ou-over","Total Longest Field Goal Made Over/Under","fieldGoals_longestMade","all","game","OVER","50.5","UNMAPPED"
"rELr7JbZPQZgbJtOMLsh","fieldGoals_longestMade-all-game-ou-under","Total Longest Field Goal Made Over/Under","fieldGoals_longestMade","all","game","UNDER","50.5","UNMAPPED"
"rELr7JbZPQZgbJtOMLsh","fieldGoals_made-DOMINIC_ZVADA_1_NFL-game-ou-over","Dominic Zvada Field Goals Made Over/Under","fieldGoals_made","DOMINIC_ZVADA_1_NFL","game","OVER","1.5","PARTIALLY_MAPPED"
"rELr7JbZPQZgbJtOMLsh","fieldGoals_made-DOMINIC_ZVADA_1_NFL-game-ou-over","Dominic Zvada Field Goals Made Over/Under","fieldGoals_made","DOMINIC_ZVADA_1_NFL","game","OVER","0.5","PARTIALLY_MAPPED"
"rELr7JbZPQZgbJtOMLsh","fieldGoals_made-DOMINIC_ZVADA_1_NFL-game-ou-over","Dominic Zvada Field Goals Made Over/Under","fieldGoals_made","DOMINIC_ZVADA_1_NFL","game","OVER","2.5","PARTIALLY_MAPPED"
"rELr7JbZPQZgbJtOMLsh","fieldGoals_made-DOMINIC_ZVADA_1_NFL-game-ou-over","Dominic Zvada Field Goals Made Over/Under","fieldGoals_made","DOMINIC_ZVADA_1_NFL","game","OVER","3.5","PARTIALLY_MAPPED"
"rELr7JbZPQZgbJtOMLsh","fieldGoals_made-DOMINIC_ZVADA_1_NFL-game-ou-under","Dominic Zvada Field Goals Made Over/Under","fieldGoals_made","DOMINIC_ZVADA_1_NFL","game","UNDER","1.5","PARTIALLY_MAPPED"
"rELr7JbZPQZgbJtOMLsh","fieldGoals_made-JOEY_SLYE_1_NFL-game-ou-over","Joey Slye Field Goals Made Over/Under","fieldGoals_made","JOEY_SLYE_1_NFL","game","OVER","1.5","PARTIALLY_MAPPED"
"rELr7JbZPQZgbJtOMLsh","fieldGoals_made-JOEY_SLYE_1_NFL-game-ou-over","Joey Slye Field Goals Made Over/Under","fieldGoals_made","JOEY_SLYE_1_NFL","game","OVER","0.5","PARTIALLY_MAPPED"
"rELr7JbZPQZgbJtOMLsh","fieldGoals_made-JOEY_SLYE_1_NFL-game-ou-over","Joey Slye Field Goals Made Over/Under","fieldGoals_made","JOEY_SLYE_1_NFL","game","OVER","2.5","PARTIALLY_MAPPED"
"rELr7JbZPQZgbJtOMLsh","fieldGoals_made-JOEY_SLYE_1_NFL-game-ou-over","Joey Slye Field Goals Made Over/Under","fieldGoals_made","JOEY_SLYE_1_NFL","game","OVER","3.5","PARTIALLY_MAPPED"
"rELr7JbZPQZgbJtOMLsh","fieldGoals_made-JOEY_SLYE_1_NFL-game-ou-under","Joey Slye Field Goals Made Over/Under","fieldGoals_made","JOEY_SLYE_1_NFL","game","UNDER","1.5","PARTIALLY_MAPPED"
"rELr7JbZPQZgbJtOMLsh","points-all-2h-eo-even","Total 2nd Half Points Even/Odd","points","all","2h","EVEN","","UNMAPPED"
"rELr7JbZPQZgbJtOMLsh","points-all-2h-eo-odd","Total 2nd Half Points Even/Odd","points","all","2h","ODD","","UNMAPPED"
"rELr7JbZPQZgbJtOMLsh","points-away-2h-eo-even","Tennessee Titans 2nd Half Points Even/Odd","points","away","2h","EVEN","","PARTIALLY_MAPPED"
"rELr7JbZPQZgbJtOMLsh","points-away-2h-eo-odd","Tennessee Titans 2nd Half Points Even/Odd","points","away","2h","ODD","","PARTIALLY_MAPPED"
"rELr7JbZPQZgbJtOMLsh","points-home-2h-eo-even","New York Giants 2nd Half Points Even/Odd","points","home","2h","EVEN","","PARTIALLY_MAPPED"
"rELr7JbZPQZgbJtOMLsh","points-home-2h-eo-odd","New York Giants 2nd Half Points Even/Odd","points","home","2h","ODD","","PARTIALLY_MAPPED"
"rELr7JbZPQZgbJtOMLsh","fieldGoals_made-DOMINIC_ZVADA_1_NFL-game-yn-yes","Dominic Zvada Any Field Goals Made Yes/No","fieldGoals_made","DOMINIC_ZVADA_1_NFL","game","YES","","PARTIALLY_MAPPED"
"rELr7JbZPQZgbJtOMLsh","fieldGoals_made-JOEY_SLYE_1_NFL-game-yn-yes","Joey Slye Any Field Goals Made Yes/No","fieldGoals_made","JOEY_SLYE_1_NFL","game","YES","","PARTIALLY_MAPPED"
"rELr7JbZPQZgbJtOMLsh","defense_safeties-home-game-yn-no","New York Giants Any Defensive Safeties Yes/No","defense_safeties","home","game","NO","","PARTIALLY_MAPPED"
"rELr7JbZPQZgbJtOMLsh","defense_safeties-home-game-yn-yes","New York Giants Any Defensive Safeties Yes/No","defense_safeties","home","game","YES","","PARTIALLY_MAPPED"
"rELr7JbZPQZgbJtOMLsh","fieldGoals_made-all-2h-ou-over","Total 2nd Half Field Goals Made Over/Under","fieldGoals_made","all","2h","OVER","1.5","UNMAPPED"
"rELr7JbZPQZgbJtOMLsh","fieldGoals_made-all-2h-ou-under","Total 2nd Half Field Goals Made Over/Under","fieldGoals_made","all","2h","UNDER","1.5","UNMAPPED"
"rELr7JbZPQZgbJtOMLsh","largestLead-all-game-ou-over","Total Largest Lead Over/Under","largestLead","all","game","OVER","13.5","UNMAPPED"
"rELr7JbZPQZgbJtOMLsh","largestLead-all-game-ou-under","Total Largest Lead Over/Under","largestLead","all","game","UNDER","13.5","UNMAPPED"
"rELr7JbZPQZgbJtOMLsh","punting_numPunts-all-game-ou-over","Total Punts Over/Under","punting_numPunts","all","game","OVER","9.5","UNMAPPED"
"rELr7JbZPQZgbJtOMLsh","punting_numPunts-all-game-ou-under","Total Punts Over/Under","punting_numPunts","all","game","UNDER","9.5","UNMAPPED"
"rELr7JbZPQZgbJtOMLsh","turnovers-all-game-ou-over","Total Turnovers Over/Under","turnovers","all","game","OVER","2.5","UNMAPPED"
"rELr7JbZPQZgbJtOMLsh","turnovers-all-game-ou-under","Total Turnovers Over/Under","turnovers","all","game","UNDER","2.5","UNMAPPED"
"u0NluMQO7DCgO44ry2hE","points-away-1q-yn-no","New England Patriots Any 1st Quarter Points Yes/No","points","away","1q","NO","","PARTIALLY_MAPPED"
"u0NluMQO7DCgO44ry2hE","points-away-1q-yn-yes","New England Patriots Any 1st Quarter Points Yes/No","points","away","1q","YES","","PARTIALLY_MAPPED"
"u0NluMQO7DCgO44ry2hE","points-away-game-eo-even","New England Patriots Points Even/Odd","points","away","game","EVEN","","PARTIALLY_MAPPED"
"u0NluMQO7DCgO44ry2hE","points-away-game-eo-odd","New England Patriots Points Even/Odd","points","away","game","ODD","","PARTIALLY_MAPPED"
"u0NluMQO7DCgO44ry2hE","points-home-game-eo-even","Jacksonville Jaguars Points Even/Odd","points","home","game","EVEN","","PARTIALLY_MAPPED"
"u0NluMQO7DCgO44ry2hE","points-home-game-eo-odd","Jacksonville Jaguars Points Even/Odd","points","home","game","ODD","","PARTIALLY_MAPPED"
"u0NluMQO7DCgO44ry2hE","defense_safeties-all-game-yn-no","Any Defensive Safeties Yes/No","defense_safeties","all","game","NO","","UNMAPPED"
"u0NluMQO7DCgO44ry2hE","defense_safeties-all-game-yn-yes","Any Defensive Safeties Yes/No","defense_safeties","all","game","YES","","UNMAPPED"
"u0NluMQO7DCgO44ry2hE","points-all-game-eo-even","Total Points Even/Odd","points","all","game","EVEN","","UNMAPPED"
"u0NluMQO7DCgO44ry2hE","points-all-game-eo-odd","Total Points Even/Odd","points","all","game","ODD","","UNMAPPED"
"u0NluMQO7DCgO44ry2hE","fieldGoals_made-all-game-ou-over","Total Field Goals Made Over/Under","fieldGoals_made","all","game","OVER","3.5","UNMAPPED"
"u0NluMQO7DCgO44ry2hE","fieldGoals_made-all-game-ou-under","Total Field Goals Made Over/Under","fieldGoals_made","all","game","UNDER","3.5","UNMAPPED"
"u0NluMQO7DCgO44ry2hE","fieldGoals_longestMade-all-game-ou-over","Total Longest Field Goal Made Over/Under","fieldGoals_longestMade","all","game","OVER","49.5","UNMAPPED"
"u0NluMQO7DCgO44ry2hE","fieldGoals_longestMade-all-game-ou-under","Total Longest Field Goal Made Over/Under","fieldGoals_longestMade","all","game","UNDER","49.5","UNMAPPED"
"u0NluMQO7DCgO44ry2hE","points-all-1h-ml3way-draw","1st Half 3-Way Moneyline","points","all","1h","DRAW","","UNMAPPED"
"u0NluMQO7DCgO44ry2hE","points-away-1h-ml3way-away","1st Half 3-Way Moneyline","points","away","1h","AWAY","","PARTIALLY_MAPPED"
"u0NluMQO7DCgO44ry2hE","points-home-1h-ml3way-home","1st Half 3-Way Moneyline","points","home","1h","HOME","","PARTIALLY_MAPPED"
"u0NluMQO7DCgO44ry2hE","points-all-1h-eo-even","Total 1st Half Points Even/Odd","points","all","1h","EVEN","","UNMAPPED"
"u0NluMQO7DCgO44ry2hE","points-all-1h-eo-odd","Total 1st Half Points Even/Odd","points","all","1h","ODD","","UNMAPPED"
"u0NluMQO7DCgO44ry2hE","fieldGoals_made-all-1h-ou-over","Total 1st Half Field Goals Made Over/Under","fieldGoals_made","all","1h","OVER","1.5","UNMAPPED"
"u0NluMQO7DCgO44ry2hE","fieldGoals_made-all-1h-ou-under","Total 1st Half Field Goals Made Over/Under","fieldGoals_made","all","1h","UNDER","1.5","UNMAPPED"
"u0NluMQO7DCgO44ry2hE","points-all-1q-eo-even","Total 1st Quarter Points Even/Odd","points","all","1q","EVEN","","UNMAPPED"
"u0NluMQO7DCgO44ry2hE","points-all-1q-eo-odd","Total 1st Quarter Points Even/Odd","points","all","1q","ODD","","UNMAPPED"
"u0NluMQO7DCgO44ry2hE","points-all-1q-ml3way-draw","1st Quarter 3-Way Moneyline","points","all","1q","DRAW","","UNMAPPED"
"u0NluMQO7DCgO44ry2hE","points-away-1h-eo-even","New England Patriots 1st Half Points Even/Odd","points","away","1h","EVEN","","PARTIALLY_MAPPED"
"u0NluMQO7DCgO44ry2hE","points-away-1h-eo-odd","New England Patriots 1st Half Points Even/Odd","points","away","1h","ODD","","PARTIALLY_MAPPED"
"u0NluMQO7DCgO44ry2hE","points-away-1q-eo-even","New England Patriots 1st Quarter Points Even/Odd","points","away","1q","EVEN","","PARTIALLY_MAPPED"
"u0NluMQO7DCgO44ry2hE","points-away-1q-eo-odd","New England Patriots 1st Quarter Points Even/Odd","points","away","1q","ODD","","PARTIALLY_MAPPED"
"u0NluMQO7DCgO44ry2hE","points-away-1q-ml3way-away","1st Quarter 3-Way Moneyline","points","away","1q","AWAY","","PARTIALLY_MAPPED"
"u0NluMQO7DCgO44ry2hE","points-home-1h-eo-even","Jacksonville Jaguars 1st Half Points Even/Odd","points","home","1h","EVEN","","PARTIALLY_MAPPED"
"u0NluMQO7DCgO44ry2hE","points-home-1h-eo-odd","Jacksonville Jaguars 1st Half Points Even/Odd","points","home","1h","ODD","","PARTIALLY_MAPPED"
"u0NluMQO7DCgO44ry2hE","points-home-1q-eo-even","Jacksonville Jaguars 1st Quarter Points Even/Odd","points","home","1q","EVEN","","PARTIALLY_MAPPED"
"u0NluMQO7DCgO44ry2hE","points-home-1q-eo-odd","Jacksonville Jaguars 1st Quarter Points Even/Odd","points","home","1q","ODD","","PARTIALLY_MAPPED"
"u0NluMQO7DCgO44ry2hE","points-home-1q-ml3way-home","1st Quarter 3-Way Moneyline","points","home","1q","HOME","","PARTIALLY_MAPPED"
"u0NluMQO7DCgO44ry2hE","points-all-2q-ml3way-draw","2nd Quarter 3-Way Moneyline","points","all","2q","DRAW","","UNMAPPED"
"u0NluMQO7DCgO44ry2hE","points-all-3q-ml3way-draw","3rd Quarter 3-Way Moneyline","points","all","3q","DRAW","","UNMAPPED"
"u0NluMQO7DCgO44ry2hE","points-all-4q-ml3way-draw","4th Quarter 3-Way Moneyline","points","all","4q","DRAW","","UNMAPPED"
"u0NluMQO7DCgO44ry2hE","points-away-1h-yn-no","New England Patriots Any 1st Half Points Yes/No","points","away","1h","NO","","PARTIALLY_MAPPED"
"u0NluMQO7DCgO44ry2hE","points-away-1h-yn-yes","New England Patriots Any 1st Half Points Yes/No","points","away","1h","YES","","PARTIALLY_MAPPED"
"u0NluMQO7DCgO44ry2hE","points-away-2h-yn-no","New England Patriots Any 2nd Half Points Yes/No","points","away","2h","NO","","PARTIALLY_MAPPED"
"u0NluMQO7DCgO44ry2hE","points-away-2h-yn-yes","New England Patriots Any 2nd Half Points Yes/No","points","away","2h","YES","","PARTIALLY_MAPPED"
"u0NluMQO7DCgO44ry2hE","points-away-2q-ml3way-away","2nd Quarter 3-Way Moneyline","points","away","2q","AWAY","","PARTIALLY_MAPPED"
"u0NluMQO7DCgO44ry2hE","points-away-3q-ml3way-away","3rd Quarter 3-Way Moneyline","points","away","3q","AWAY","","PARTIALLY_MAPPED"
"u0NluMQO7DCgO44ry2hE","points-away-4q-ml3way-away","4th Quarter 3-Way Moneyline","points","away","4q","AWAY","","PARTIALLY_MAPPED"
"u0NluMQO7DCgO44ry2hE","points-home-2h-yn-no","Jacksonville Jaguars Any 2nd Half Points Yes/No","points","home","2h","NO","","PARTIALLY_MAPPED"
"u0NluMQO7DCgO44ry2hE","points-home-2h-yn-yes","Jacksonville Jaguars Any 2nd Half Points Yes/No","points","home","2h","YES","","PARTIALLY_MAPPED"
"u0NluMQO7DCgO44ry2hE","points-home-2q-ml3way-home","2nd Quarter 3-Way Moneyline","points","home","2q","HOME","","PARTIALLY_MAPPED"
"u0NluMQO7DCgO44ry2hE","points-home-3q-ml3way-home","3rd Quarter 3-Way Moneyline","points","home","3q","HOME","","PARTIALLY_MAPPED"
"u0NluMQO7DCgO44ry2hE","points-home-4q-ml3way-home","4th Quarter 3-Way Moneyline","points","home","4q","HOME","","PARTIALLY_MAPPED"
"u0NluMQO7DCgO44ry2hE","points-all-2h-ml3way-draw","2nd Half 3-Way Moneyline","points","all","2h","DRAW","","UNMAPPED"
"u0NluMQO7DCgO44ry2hE","points-away-2h-ml3way-away","2nd Half 3-Way Moneyline","points","away","2h","AWAY","","PARTIALLY_MAPPED"
"u0NluMQO7DCgO44ry2hE","points-home-2h-ml3way-home","2nd Half 3-Way Moneyline","points","home","2h","HOME","","PARTIALLY_MAPPED"
"u0NluMQO7DCgO44ry2hE","fieldGoals_made-CAM_LITTLE_1_NFL-game-ou-over","Cam Little Field Goals Made Over/Under","fieldGoals_made","CAM_LITTLE_1_NFL","game","OVER","1.5","PARTIALLY_MAPPED"
"u0NluMQO7DCgO44ry2hE","fieldGoals_made-CAM_LITTLE_1_NFL-game-ou-over","Cam Little Field Goals Made Over/Under","fieldGoals_made","CAM_LITTLE_1_NFL","game","OVER","0.5","PARTIALLY_MAPPED"
"u0NluMQO7DCgO44ry2hE","fieldGoals_made-CAM_LITTLE_1_NFL-game-ou-over","Cam Little Field Goals Made Over/Under","fieldGoals_made","CAM_LITTLE_1_NFL","game","OVER","2.5","PARTIALLY_MAPPED"
"u0NluMQO7DCgO44ry2hE","fieldGoals_made-CAM_LITTLE_1_NFL-game-ou-over","Cam Little Field Goals Made Over/Under","fieldGoals_made","CAM_LITTLE_1_NFL","game","OVER","3.5","PARTIALLY_MAPPED"
"u0NluMQO7DCgO44ry2hE","fieldGoals_made-CAM_LITTLE_1_NFL-game-ou-under","Cam Little Field Goals Made Over/Under","fieldGoals_made","CAM_LITTLE_1_NFL","game","UNDER","1.5","PARTIALLY_MAPPED"
"u0NluMQO7DCgO44ry2hE","fieldGoals_made-CAM_LITTLE_1_NFL-game-yn-yes","Cam Little Any Field Goals Made Yes/No","fieldGoals_made","CAM_LITTLE_1_NFL","game","YES","","PARTIALLY_MAPPED"
"u0NluMQO7DCgO44ry2hE","fieldGoals_made-ANDRES_BORREGALES_1_NFL-game-ou-over","Andy Borregales Field Goals Made Over/Under","fieldGoals_made","ANDRES_BORREGALES_1_NFL","game","OVER","1.5","PARTIALLY_MAPPED"
"u0NluMQO7DCgO44ry2hE","fieldGoals_made-ANDRES_BORREGALES_1_NFL-game-ou-over","Andy Borregales Field Goals Made Over/Under","fieldGoals_made","ANDRES_BORREGALES_1_NFL","game","OVER","0.5","PARTIALLY_MAPPED"
"u0NluMQO7DCgO44ry2hE","fieldGoals_made-ANDRES_BORREGALES_1_NFL-game-ou-over","Andy Borregales Field Goals Made Over/Under","fieldGoals_made","ANDRES_BORREGALES_1_NFL","game","OVER","2.5","PARTIALLY_MAPPED"
"u0NluMQO7DCgO44ry2hE","fieldGoals_made-ANDRES_BORREGALES_1_NFL-game-ou-over","Andy Borregales Field Goals Made Over/Under","fieldGoals_made","ANDRES_BORREGALES_1_NFL","game","OVER","3.5","PARTIALLY_MAPPED"
"u0NluMQO7DCgO44ry2hE","fieldGoals_made-ANDRES_BORREGALES_1_NFL-game-ou-under","Andy Borregales Field Goals Made Over/Under","fieldGoals_made","ANDRES_BORREGALES_1_NFL","game","UNDER","1.5","PARTIALLY_MAPPED"
"u0NluMQO7DCgO44ry2hE","fieldGoals_made-ANDRES_BORREGALES_1_NFL-game-yn-yes","Andy Borregales Any Field Goals Made Yes/No","fieldGoals_made","ANDRES_BORREGALES_1_NFL","game","YES","","PARTIALLY_MAPPED"
"u0NluMQO7DCgO44ry2hE","points-all-2h-eo-even","Total 2nd Half Points Even/Odd","points","all","2h","EVEN","","UNMAPPED"
"u0NluMQO7DCgO44ry2hE","points-all-2h-eo-odd","Total 2nd Half Points Even/Odd","points","all","2h","ODD","","UNMAPPED"
"u0NluMQO7DCgO44ry2hE","points-away-2h-eo-even","New England Patriots 2nd Half Points Even/Odd","points","away","2h","EVEN","","PARTIALLY_MAPPED"
"u0NluMQO7DCgO44ry2hE","points-away-2h-eo-odd","New England Patriots 2nd Half Points Even/Odd","points","away","2h","ODD","","PARTIALLY_MAPPED"
"u0NluMQO7DCgO44ry2hE","points-home-2h-eo-even","Jacksonville Jaguars 2nd Half Points Even/Odd","points","home","2h","EVEN","","PARTIALLY_MAPPED"
"u0NluMQO7DCgO44ry2hE","points-home-2h-eo-odd","Jacksonville Jaguars 2nd Half Points Even/Odd","points","home","2h","ODD","","PARTIALLY_MAPPED"
"u0NluMQO7DCgO44ry2hE","defense_safeties-away-game-yn-yes","New England Patriots Any Defensive Safeties Yes/No","defense_safeties","away","game","YES","","PARTIALLY_MAPPED"
"u0NluMQO7DCgO44ry2hE","defense_safeties-home-game-yn-no","Jacksonville Jaguars Any Defensive Safeties Yes/No","defense_safeties","home","game","NO","","PARTIALLY_MAPPED"
"u0NluMQO7DCgO44ry2hE","defense_safeties-home-game-yn-yes","Jacksonville Jaguars Any Defensive Safeties Yes/No","defense_safeties","home","game","YES","","PARTIALLY_MAPPED"
"u0NluMQO7DCgO44ry2hE","fieldGoals_made-all-2h-ou-over","Total 2nd Half Field Goals Made Over/Under","fieldGoals_made","all","2h","OVER","1.5","UNMAPPED"
"u0NluMQO7DCgO44ry2hE","fieldGoals_made-all-2h-ou-under","Total 2nd Half Field Goals Made Over/Under","fieldGoals_made","all","2h","UNDER","1.5","UNMAPPED"
"u0NluMQO7DCgO44ry2hE","largestLead-all-game-ou-over","Total Largest Lead Over/Under","largestLead","all","game","OVER","13.5","UNMAPPED"
"u0NluMQO7DCgO44ry2hE","largestLead-all-game-ou-under","Total Largest Lead Over/Under","largestLead","all","game","UNDER","13.5","UNMAPPED"
"u0NluMQO7DCgO44ry2hE","punting_numPunts-all-game-ou-over","Total Punts Over/Under","punting_numPunts","all","game","OVER","6.5","UNMAPPED"
"u0NluMQO7DCgO44ry2hE","punting_numPunts-all-game-ou-under","Total Punts Over/Under","punting_numPunts","all","game","UNDER","6.5","UNMAPPED"
"u0NluMQO7DCgO44ry2hE","turnovers-all-game-ou-over","Total Turnovers Over/Under","turnovers","all","game","OVER","2.5","UNMAPPED"
"u0NluMQO7DCgO44ry2hE","turnovers-all-game-ou-under","Total Turnovers Over/Under","turnovers","all","game","UNDER","2.5","UNMAPPED"
"APgCtTjgC4d3bgL5EeOH","defense_safeties-all-game-yn-no","Any Defensive Safeties Yes/No","defense_safeties","all","game","NO","","UNMAPPED"
"APgCtTjgC4d3bgL5EeOH","defense_safeties-all-game-yn-yes","Any Defensive Safeties Yes/No","defense_safeties","all","game","YES","","UNMAPPED"
"APgCtTjgC4d3bgL5EeOH","fieldGoals_made-all-game-ou-over","Total Field Goals Made Over/Under","fieldGoals_made","all","game","OVER","3.5","UNMAPPED"
"APgCtTjgC4d3bgL5EeOH","fieldGoals_made-all-game-ou-under","Total Field Goals Made Over/Under","fieldGoals_made","all","game","UNDER","3.5","UNMAPPED"
"APgCtTjgC4d3bgL5EeOH","points-all-game-eo-even","Total Points Even/Odd","points","all","game","EVEN","","UNMAPPED"
"APgCtTjgC4d3bgL5EeOH","points-all-game-eo-odd","Total Points Even/Odd","points","all","game","ODD","","UNMAPPED"
"APgCtTjgC4d3bgL5EeOH","points-away-game-eo-even","Minnesota Vikings Points Even/Odd","points","away","game","EVEN","","PARTIALLY_MAPPED"
"APgCtTjgC4d3bgL5EeOH","points-away-game-eo-odd","Minnesota Vikings Points Even/Odd","points","away","game","ODD","","PARTIALLY_MAPPED"
"APgCtTjgC4d3bgL5EeOH","points-home-game-eo-even","Tampa Bay Buccaneers Points Even/Odd","points","home","game","EVEN","","PARTIALLY_MAPPED"
"APgCtTjgC4d3bgL5EeOH","points-home-game-eo-odd","Tampa Bay Buccaneers Points Even/Odd","points","home","game","ODD","","PARTIALLY_MAPPED"
"APgCtTjgC4d3bgL5EeOH","points-home-1q-yn-no","Tampa Bay Buccaneers Any 1st Quarter Points Yes/No","points","home","1q","NO","","PARTIALLY_MAPPED"
"APgCtTjgC4d3bgL5EeOH","points-home-1q-yn-yes","Tampa Bay Buccaneers Any 1st Quarter Points Yes/No","points","home","1q","YES","","PARTIALLY_MAPPED"
"APgCtTjgC4d3bgL5EeOH","fieldGoals_longestMade-all-game-ou-over","Total Longest Field Goal Made Over/Under","fieldGoals_longestMade","all","game","OVER","49.5","UNMAPPED"
"APgCtTjgC4d3bgL5EeOH","fieldGoals_longestMade-all-game-ou-under","Total Longest Field Goal Made Over/Under","fieldGoals_longestMade","all","game","UNDER","49.5","UNMAPPED"
"APgCtTjgC4d3bgL5EeOH","points-all-1h-ml3way-draw","1st Half 3-Way Moneyline","points","all","1h","DRAW","","UNMAPPED"
"APgCtTjgC4d3bgL5EeOH","points-away-1h-ml3way-away","1st Half 3-Way Moneyline","points","away","1h","AWAY","","PARTIALLY_MAPPED"
"APgCtTjgC4d3bgL5EeOH","points-home-1h-ml3way-home","1st Half 3-Way Moneyline","points","home","1h","HOME","","PARTIALLY_MAPPED"
"APgCtTjgC4d3bgL5EeOH","points-all-1h-eo-even","Total 1st Half Points Even/Odd","points","all","1h","EVEN","","UNMAPPED"
"APgCtTjgC4d3bgL5EeOH","points-all-1h-eo-odd","Total 1st Half Points Even/Odd","points","all","1h","ODD","","UNMAPPED"
"APgCtTjgC4d3bgL5EeOH","points-all-1q-eo-even","Total 1st Quarter Points Even/Odd","points","all","1q","EVEN","","UNMAPPED"
"APgCtTjgC4d3bgL5EeOH","points-all-1q-eo-odd","Total 1st Quarter Points Even/Odd","points","all","1q","ODD","","UNMAPPED"
"APgCtTjgC4d3bgL5EeOH","points-all-1q-ml3way-draw","1st Quarter 3-Way Moneyline","points","all","1q","DRAW","","UNMAPPED"
"APgCtTjgC4d3bgL5EeOH","points-away-1h-eo-even","Minnesota Vikings 1st Half Points Even/Odd","points","away","1h","EVEN","","PARTIALLY_MAPPED"
"APgCtTjgC4d3bgL5EeOH","points-away-1h-eo-odd","Minnesota Vikings 1st Half Points Even/Odd","points","away","1h","ODD","","PARTIALLY_MAPPED"
"APgCtTjgC4d3bgL5EeOH","points-away-1q-eo-even","Minnesota Vikings 1st Quarter Points Even/Odd","points","away","1q","EVEN","","PARTIALLY_MAPPED"
"APgCtTjgC4d3bgL5EeOH","points-away-1q-eo-odd","Minnesota Vikings 1st Quarter Points Even/Odd","points","away","1q","ODD","","PARTIALLY_MAPPED"
"APgCtTjgC4d3bgL5EeOH","points-away-1q-ml3way-away","1st Quarter 3-Way Moneyline","points","away","1q","AWAY","","PARTIALLY_MAPPED"
"APgCtTjgC4d3bgL5EeOH","points-home-1h-eo-even","Tampa Bay Buccaneers 1st Half Points Even/Odd","points","home","1h","EVEN","","PARTIALLY_MAPPED"
"APgCtTjgC4d3bgL5EeOH","points-home-1h-eo-odd","Tampa Bay Buccaneers 1st Half Points Even/Odd","points","home","1h","ODD","","PARTIALLY_MAPPED"
"APgCtTjgC4d3bgL5EeOH","points-home-1q-eo-even","Tampa Bay Buccaneers 1st Quarter Points Even/Odd","points","home","1q","EVEN","","PARTIALLY_MAPPED"
"APgCtTjgC4d3bgL5EeOH","points-home-1q-eo-odd","Tampa Bay Buccaneers 1st Quarter Points Even/Odd","points","home","1q","ODD","","PARTIALLY_MAPPED"
"APgCtTjgC4d3bgL5EeOH","points-home-1q-ml3way-home","1st Quarter 3-Way Moneyline","points","home","1q","HOME","","PARTIALLY_MAPPED"
"APgCtTjgC4d3bgL5EeOH","points-away-1h-yn-no","Minnesota Vikings Any 1st Half Points Yes/No","points","away","1h","NO","","PARTIALLY_MAPPED"
"APgCtTjgC4d3bgL5EeOH","points-away-1h-yn-yes","Minnesota Vikings Any 1st Half Points Yes/No","points","away","1h","YES","","PARTIALLY_MAPPED"
"APgCtTjgC4d3bgL5EeOH","points-home-1h-yn-no","Tampa Bay Buccaneers Any 1st Half Points Yes/No","points","home","1h","NO","","PARTIALLY_MAPPED"
"APgCtTjgC4d3bgL5EeOH","points-home-1h-yn-yes","Tampa Bay Buccaneers Any 1st Half Points Yes/No","points","home","1h","YES","","PARTIALLY_MAPPED"
"APgCtTjgC4d3bgL5EeOH","points-all-2q-ml3way-draw","2nd Quarter 3-Way Moneyline","points","all","2q","DRAW","","UNMAPPED"
"APgCtTjgC4d3bgL5EeOH","points-all-3q-ml3way-draw","3rd Quarter 3-Way Moneyline","points","all","3q","DRAW","","UNMAPPED"
"APgCtTjgC4d3bgL5EeOH","points-all-4q-ml3way-draw","4th Quarter 3-Way Moneyline","points","all","4q","DRAW","","UNMAPPED"
"APgCtTjgC4d3bgL5EeOH","points-away-2h-yn-no","Minnesota Vikings Any 2nd Half Points Yes/No","points","away","2h","NO","","PARTIALLY_MAPPED"
"APgCtTjgC4d3bgL5EeOH","points-away-2h-yn-yes","Minnesota Vikings Any 2nd Half Points Yes/No","points","away","2h","YES","","PARTIALLY_MAPPED"
"APgCtTjgC4d3bgL5EeOH","points-away-2q-ml3way-away","2nd Quarter 3-Way Moneyline","points","away","2q","AWAY","","PARTIALLY_MAPPED"
"APgCtTjgC4d3bgL5EeOH","points-away-3q-ml3way-away","3rd Quarter 3-Way Moneyline","points","away","3q","AWAY","","PARTIALLY_MAPPED"
"APgCtTjgC4d3bgL5EeOH","points-away-4q-ml3way-away","4th Quarter 3-Way Moneyline","points","away","4q","AWAY","","PARTIALLY_MAPPED"
"APgCtTjgC4d3bgL5EeOH","points-home-2h-yn-no","Tampa Bay Buccaneers Any 2nd Half Points Yes/No","points","home","2h","NO","","PARTIALLY_MAPPED"
"APgCtTjgC4d3bgL5EeOH","points-home-2h-yn-yes","Tampa Bay Buccaneers Any 2nd Half Points Yes/No","points","home","2h","YES","","PARTIALLY_MAPPED"
"APgCtTjgC4d3bgL5EeOH","points-home-2q-ml3way-home","2nd Quarter 3-Way Moneyline","points","home","2q","HOME","","PARTIALLY_MAPPED"
"APgCtTjgC4d3bgL5EeOH","points-home-3q-ml3way-home","3rd Quarter 3-Way Moneyline","points","home","3q","HOME","","PARTIALLY_MAPPED"
"APgCtTjgC4d3bgL5EeOH","points-home-4q-ml3way-home","4th Quarter 3-Way Moneyline","points","home","4q","HOME","","PARTIALLY_MAPPED"
"APgCtTjgC4d3bgL5EeOH","fieldGoals_made-all-1h-ou-over","Total 1st Half Field Goals Made Over/Under","fieldGoals_made","all","1h","OVER","1.5","UNMAPPED"
"APgCtTjgC4d3bgL5EeOH","fieldGoals_made-all-1h-ou-under","Total 1st Half Field Goals Made Over/Under","fieldGoals_made","all","1h","UNDER","1.5","UNMAPPED"
"APgCtTjgC4d3bgL5EeOH","points-all-2h-ml3way-draw","2nd Half 3-Way Moneyline","points","all","2h","DRAW","","UNMAPPED"
"APgCtTjgC4d3bgL5EeOH","points-away-2h-ml3way-away","2nd Half 3-Way Moneyline","points","away","2h","AWAY","","PARTIALLY_MAPPED"
"APgCtTjgC4d3bgL5EeOH","points-home-2h-ml3way-home","2nd Half 3-Way Moneyline","points","home","2h","HOME","","PARTIALLY_MAPPED"
"APgCtTjgC4d3bgL5EeOH","points-away-1q-yn-no","Minnesota Vikings Any 1st Quarter Points Yes/No","points","away","1q","NO","","PARTIALLY_MAPPED"
"APgCtTjgC4d3bgL5EeOH","points-away-1q-yn-yes","Minnesota Vikings Any 1st Quarter Points Yes/No","points","away","1q","YES","","PARTIALLY_MAPPED"
"APgCtTjgC4d3bgL5EeOH","points-all-2h-eo-even","Total 2nd Half Points Even/Odd","points","all","2h","EVEN","","UNMAPPED"
"APgCtTjgC4d3bgL5EeOH","points-all-2h-eo-odd","Total 2nd Half Points Even/Odd","points","all","2h","ODD","","UNMAPPED"
"APgCtTjgC4d3bgL5EeOH","points-away-2h-eo-even","Minnesota Vikings 2nd Half Points Even/Odd","points","away","2h","EVEN","","PARTIALLY_MAPPED"
"APgCtTjgC4d3bgL5EeOH","points-away-2h-eo-odd","Minnesota Vikings 2nd Half Points Even/Odd","points","away","2h","ODD","","PARTIALLY_MAPPED"
"APgCtTjgC4d3bgL5EeOH","points-home-2h-eo-even","Tampa Bay Buccaneers 2nd Half Points Even/Odd","points","home","2h","EVEN","","PARTIALLY_MAPPED"
"APgCtTjgC4d3bgL5EeOH","points-home-2h-eo-odd","Tampa Bay Buccaneers 2nd Half Points Even/Odd","points","home","2h","ODD","","PARTIALLY_MAPPED"
"APgCtTjgC4d3bgL5EeOH","fieldGoals_made-WILL_REICHARD_1_NFL-game-ou-over","Will Reichard Field Goals Made Over/Under","fieldGoals_made","WILL_REICHARD_1_NFL","game","OVER","1.5","PARTIALLY_MAPPED"
"APgCtTjgC4d3bgL5EeOH","fieldGoals_made-WILL_REICHARD_1_NFL-game-ou-over","Will Reichard Field Goals Made Over/Under","fieldGoals_made","WILL_REICHARD_1_NFL","game","OVER","0.5","PARTIALLY_MAPPED"
"APgCtTjgC4d3bgL5EeOH","fieldGoals_made-WILL_REICHARD_1_NFL-game-ou-over","Will Reichard Field Goals Made Over/Under","fieldGoals_made","WILL_REICHARD_1_NFL","game","OVER","2.5","PARTIALLY_MAPPED"
"APgCtTjgC4d3bgL5EeOH","fieldGoals_made-WILL_REICHARD_1_NFL-game-ou-over","Will Reichard Field Goals Made Over/Under","fieldGoals_made","WILL_REICHARD_1_NFL","game","OVER","3.5","PARTIALLY_MAPPED"
"APgCtTjgC4d3bgL5EeOH","fieldGoals_made-WILL_REICHARD_1_NFL-game-ou-under","Will Reichard Field Goals Made Over/Under","fieldGoals_made","WILL_REICHARD_1_NFL","game","UNDER","1.5","PARTIALLY_MAPPED"
"APgCtTjgC4d3bgL5EeOH","fieldGoals_made-CHASE_MCLAUGHLIN_1_NFL-game-ou-over","Chase McLaughlin Field Goals Made Over/Under","fieldGoals_made","CHASE_MCLAUGHLIN_1_NFL","game","OVER","1.5","PARTIALLY_MAPPED"
"APgCtTjgC4d3bgL5EeOH","fieldGoals_made-CHASE_MCLAUGHLIN_1_NFL-game-ou-over","Chase McLaughlin Field Goals Made Over/Under","fieldGoals_made","CHASE_MCLAUGHLIN_1_NFL","game","OVER","0.5","PARTIALLY_MAPPED"
"APgCtTjgC4d3bgL5EeOH","fieldGoals_made-CHASE_MCLAUGHLIN_1_NFL-game-ou-over","Chase McLaughlin Field Goals Made Over/Under","fieldGoals_made","CHASE_MCLAUGHLIN_1_NFL","game","OVER","2.5","PARTIALLY_MAPPED"
"APgCtTjgC4d3bgL5EeOH","fieldGoals_made-CHASE_MCLAUGHLIN_1_NFL-game-ou-over","Chase McLaughlin Field Goals Made Over/Under","fieldGoals_made","CHASE_MCLAUGHLIN_1_NFL","game","OVER","3.5","PARTIALLY_MAPPED"
"APgCtTjgC4d3bgL5EeOH","fieldGoals_made-CHASE_MCLAUGHLIN_1_NFL-game-ou-under","Chase McLaughlin Field Goals Made Over/Under","fieldGoals_made","CHASE_MCLAUGHLIN_1_NFL","game","UNDER","1.5","PARTIALLY_MAPPED"
"APgCtTjgC4d3bgL5EeOH","fieldGoals_made-CHASE_MCLAUGHLIN_1_NFL-game-yn-yes","Chase McLaughlin Any Field Goals Made Yes/No","fieldGoals_made","CHASE_MCLAUGHLIN_1_NFL","game","YES","","PARTIALLY_MAPPED"
"APgCtTjgC4d3bgL5EeOH","fieldGoals_made-WILL_REICHARD_1_NFL-game-yn-yes","Will Reichard Any Field Goals Made Yes/No","fieldGoals_made","WILL_REICHARD_1_NFL","game","YES","","PARTIALLY_MAPPED"
"APgCtTjgC4d3bgL5EeOH","defense_safeties-away-game-yn-no","Minnesota Vikings Any Defensive Safeties Yes/No","defense_safeties","away","game","NO","","PARTIALLY_MAPPED"
"APgCtTjgC4d3bgL5EeOH","defense_safeties-away-game-yn-yes","Minnesota Vikings Any Defensive Safeties Yes/No","defense_safeties","away","game","YES","","PARTIALLY_MAPPED"
"APgCtTjgC4d3bgL5EeOH","defense_safeties-home-game-yn-no","Tampa Bay Buccaneers Any Defensive Safeties Yes/No","defense_safeties","home","game","NO","","PARTIALLY_MAPPED"
"APgCtTjgC4d3bgL5EeOH","defense_safeties-home-game-yn-yes","Tampa Bay Buccaneers Any Defensive Safeties Yes/No","defense_safeties","home","game","YES","","PARTIALLY_MAPPED"
"APgCtTjgC4d3bgL5EeOH","fieldGoals_made-all-2h-ou-over","Total 2nd Half Field Goals Made Over/Under","fieldGoals_made","all","2h","OVER","1.5","UNMAPPED"
"APgCtTjgC4d3bgL5EeOH","fieldGoals_made-all-2h-ou-under","Total 2nd Half Field Goals Made Over/Under","fieldGoals_made","all","2h","UNDER","1.5","UNMAPPED"
"APgCtTjgC4d3bgL5EeOH","largestLead-all-game-ou-over","Total Largest Lead Over/Under","largestLead","all","game","OVER","13.5","UNMAPPED"
"APgCtTjgC4d3bgL5EeOH","largestLead-all-game-ou-under","Total Largest Lead Over/Under","largestLead","all","game","UNDER","13.5","UNMAPPED"
"APgCtTjgC4d3bgL5EeOH","punting_numPunts-all-game-ou-over","Total Punts Over/Under","punting_numPunts","all","game","OVER","7.5","UNMAPPED"
"APgCtTjgC4d3bgL5EeOH","punting_numPunts-all-game-ou-under","Total Punts Over/Under","punting_numPunts","all","game","UNDER","7.5","UNMAPPED"
"APgCtTjgC4d3bgL5EeOH","turnovers-all-game-ou-over","Total Turnovers Over/Under","turnovers","all","game","OVER","2.5","UNMAPPED"
"APgCtTjgC4d3bgL5EeOH","turnovers-all-game-ou-under","Total Turnovers Over/Under","turnovers","all","game","UNDER","2.5","UNMAPPED"
"Z5kQch0mnf6Kts1yLHEi","points-away-1q-yn-no","Arizona Cardinals Any 1st Quarter Points Yes/No","points","away","1q","NO","","PARTIALLY_MAPPED"
"Z5kQch0mnf6Kts1yLHEi","points-away-1q-yn-yes","Arizona Cardinals Any 1st Quarter Points Yes/No","points","away","1q","YES","","PARTIALLY_MAPPED"
"Z5kQch0mnf6Kts1yLHEi","defense_safeties-all-game-yn-no","Any Defensive Safeties Yes/No","defense_safeties","all","game","NO","","UNMAPPED"
"Z5kQch0mnf6Kts1yLHEi","defense_safeties-all-game-yn-yes","Any Defensive Safeties Yes/No","defense_safeties","all","game","YES","","UNMAPPED"
"Z5kQch0mnf6Kts1yLHEi","points-all-game-eo-even","Total Points Even/Odd","points","all","game","EVEN","","UNMAPPED"
"Z5kQch0mnf6Kts1yLHEi","points-all-game-eo-odd","Total Points Even/Odd","points","all","game","ODD","","UNMAPPED"
"Z5kQch0mnf6Kts1yLHEi","points-away-game-eo-even","Arizona Cardinals Points Even/Odd","points","away","game","EVEN","","PARTIALLY_MAPPED"
"Z5kQch0mnf6Kts1yLHEi","points-away-game-eo-odd","Arizona Cardinals Points Even/Odd","points","away","game","ODD","","PARTIALLY_MAPPED"
"Z5kQch0mnf6Kts1yLHEi","points-home-game-eo-even","San Francisco 49ers Points Even/Odd","points","home","game","EVEN","","PARTIALLY_MAPPED"
"Z5kQch0mnf6Kts1yLHEi","points-home-game-eo-odd","San Francisco 49ers Points Even/Odd","points","home","game","ODD","","PARTIALLY_MAPPED"
"Z5kQch0mnf6Kts1yLHEi","fieldGoals_made-all-game-ou-over","Total Field Goals Made Over/Under","fieldGoals_made","all","game","OVER","3.5","UNMAPPED"
"Z5kQch0mnf6Kts1yLHEi","fieldGoals_made-all-game-ou-under","Total Field Goals Made Over/Under","fieldGoals_made","all","game","UNDER","3.5","UNMAPPED"
"Z5kQch0mnf6Kts1yLHEi","fieldGoals_longestMade-all-game-ou-over","Total Longest Field Goal Made Over/Under","fieldGoals_longestMade","all","game","OVER","48.5","UNMAPPED"
"Z5kQch0mnf6Kts1yLHEi","fieldGoals_longestMade-all-game-ou-under","Total Longest Field Goal Made Over/Under","fieldGoals_longestMade","all","game","UNDER","48.5","UNMAPPED"
"Z5kQch0mnf6Kts1yLHEi","points-all-1h-ml3way-draw","1st Half 3-Way Moneyline","points","all","1h","DRAW","","UNMAPPED"
"Z5kQch0mnf6Kts1yLHEi","points-away-1h-ml3way-away","1st Half 3-Way Moneyline","points","away","1h","AWAY","","PARTIALLY_MAPPED"
"Z5kQch0mnf6Kts1yLHEi","points-home-1h-ml3way-home","1st Half 3-Way Moneyline","points","home","1h","HOME","","PARTIALLY_MAPPED"
"Z5kQch0mnf6Kts1yLHEi","fieldGoals_made-all-1h-ou-over","Total 1st Half Field Goals Made Over/Under","fieldGoals_made","all","1h","OVER","1.5","UNMAPPED"
"Z5kQch0mnf6Kts1yLHEi","fieldGoals_made-all-1h-ou-under","Total 1st Half Field Goals Made Over/Under","fieldGoals_made","all","1h","UNDER","1.5","UNMAPPED"
"Z5kQch0mnf6Kts1yLHEi","points-away-1h-yn-no","Arizona Cardinals Any 1st Half Points Yes/No","points","away","1h","NO","","PARTIALLY_MAPPED"
"Z5kQch0mnf6Kts1yLHEi","points-away-1h-yn-yes","Arizona Cardinals Any 1st Half Points Yes/No","points","away","1h","YES","","PARTIALLY_MAPPED"
"Z5kQch0mnf6Kts1yLHEi","points-all-1h-eo-even","Total 1st Half Points Even/Odd","points","all","1h","EVEN","","UNMAPPED"
"Z5kQch0mnf6Kts1yLHEi","points-all-1h-eo-odd","Total 1st Half Points Even/Odd","points","all","1h","ODD","","UNMAPPED"
"Z5kQch0mnf6Kts1yLHEi","points-all-1q-eo-even","Total 1st Quarter Points Even/Odd","points","all","1q","EVEN","","UNMAPPED"
"Z5kQch0mnf6Kts1yLHEi","points-all-1q-eo-odd","Total 1st Quarter Points Even/Odd","points","all","1q","ODD","","UNMAPPED"
"Z5kQch0mnf6Kts1yLHEi","points-all-1q-ml3way-draw","1st Quarter 3-Way Moneyline","points","all","1q","DRAW","","UNMAPPED"
"Z5kQch0mnf6Kts1yLHEi","points-away-1h-eo-even","Arizona Cardinals 1st Half Points Even/Odd","points","away","1h","EVEN","","PARTIALLY_MAPPED"
"Z5kQch0mnf6Kts1yLHEi","points-away-1h-eo-odd","Arizona Cardinals 1st Half Points Even/Odd","points","away","1h","ODD","","PARTIALLY_MAPPED"
"Z5kQch0mnf6Kts1yLHEi","points-away-1q-eo-even","Arizona Cardinals 1st Quarter Points Even/Odd","points","away","1q","EVEN","","PARTIALLY_MAPPED"
"Z5kQch0mnf6Kts1yLHEi","points-away-1q-eo-odd","Arizona Cardinals 1st Quarter Points Even/Odd","points","away","1q","ODD","","PARTIALLY_MAPPED"
"Z5kQch0mnf6Kts1yLHEi","points-away-1q-ml3way-away","1st Quarter 3-Way Moneyline","points","away","1q","AWAY","","PARTIALLY_MAPPED"
"Z5kQch0mnf6Kts1yLHEi","points-home-1h-eo-even","San Francisco 49ers 1st Half Points Even/Odd","points","home","1h","EVEN","","PARTIALLY_MAPPED"
"Z5kQch0mnf6Kts1yLHEi","points-home-1h-eo-odd","San Francisco 49ers 1st Half Points Even/Odd","points","home","1h","ODD","","PARTIALLY_MAPPED"
"Z5kQch0mnf6Kts1yLHEi","points-home-1q-eo-even","San Francisco 49ers 1st Quarter Points Even/Odd","points","home","1q","EVEN","","PARTIALLY_MAPPED"
"Z5kQch0mnf6Kts1yLHEi","points-home-1q-eo-odd","San Francisco 49ers 1st Quarter Points Even/Odd","points","home","1q","ODD","","PARTIALLY_MAPPED"
"Z5kQch0mnf6Kts1yLHEi","points-home-1q-ml3way-home","1st Quarter 3-Way Moneyline","points","home","1q","HOME","","PARTIALLY_MAPPED"
"Z5kQch0mnf6Kts1yLHEi","points-all-2q-ml3way-draw","2nd Quarter 3-Way Moneyline","points","all","2q","DRAW","","UNMAPPED"
"Z5kQch0mnf6Kts1yLHEi","points-all-3q-ml3way-draw","3rd Quarter 3-Way Moneyline","points","all","3q","DRAW","","UNMAPPED"
"Z5kQch0mnf6Kts1yLHEi","points-all-4q-ml3way-draw","4th Quarter 3-Way Moneyline","points","all","4q","DRAW","","UNMAPPED"
"Z5kQch0mnf6Kts1yLHEi","points-away-2h-yn-no","Arizona Cardinals Any 2nd Half Points Yes/No","points","away","2h","NO","","PARTIALLY_MAPPED"
"Z5kQch0mnf6Kts1yLHEi","points-away-2h-yn-yes","Arizona Cardinals Any 2nd Half Points Yes/No","points","away","2h","YES","","PARTIALLY_MAPPED"
"Z5kQch0mnf6Kts1yLHEi","points-away-2q-ml3way-away","2nd Quarter 3-Way Moneyline","points","away","2q","AWAY","","PARTIALLY_MAPPED"
"Z5kQch0mnf6Kts1yLHEi","points-away-3q-ml3way-away","3rd Quarter 3-Way Moneyline","points","away","3q","AWAY","","PARTIALLY_MAPPED"
"Z5kQch0mnf6Kts1yLHEi","points-away-4q-ml3way-away","4th Quarter 3-Way Moneyline","points","away","4q","AWAY","","PARTIALLY_MAPPED"
"Z5kQch0mnf6Kts1yLHEi","points-home-2q-ml3way-home","2nd Quarter 3-Way Moneyline","points","home","2q","HOME","","PARTIALLY_MAPPED"
"Z5kQch0mnf6Kts1yLHEi","points-home-3q-ml3way-home","3rd Quarter 3-Way Moneyline","points","home","3q","HOME","","PARTIALLY_MAPPED"
"Z5kQch0mnf6Kts1yLHEi","points-home-4q-ml3way-home","4th Quarter 3-Way Moneyline","points","home","4q","HOME","","PARTIALLY_MAPPED"
"Z5kQch0mnf6Kts1yLHEi","points-away-game-yn-no","Arizona Cardinals Any Points Yes/No","points","away","game","NO","","PARTIALLY_MAPPED"
"Z5kQch0mnf6Kts1yLHEi","points-away-game-yn-yes","Arizona Cardinals Any Points Yes/No","points","away","game","YES","","PARTIALLY_MAPPED"
"Z5kQch0mnf6Kts1yLHEi","fieldGoals_made-EDDY_PINEIRO_1_NFL-game-ou-over","Eddy Pineiro Field Goals Made Over/Under","fieldGoals_made","EDDY_PINEIRO_1_NFL","game","OVER","1.5","PARTIALLY_MAPPED"
"Z5kQch0mnf6Kts1yLHEi","fieldGoals_made-EDDY_PINEIRO_1_NFL-game-ou-over","Eddy Pineiro Field Goals Made Over/Under","fieldGoals_made","EDDY_PINEIRO_1_NFL","game","OVER","0.5","PARTIALLY_MAPPED"
"Z5kQch0mnf6Kts1yLHEi","fieldGoals_made-EDDY_PINEIRO_1_NFL-game-ou-over","Eddy Pineiro Field Goals Made Over/Under","fieldGoals_made","EDDY_PINEIRO_1_NFL","game","OVER","2.5","PARTIALLY_MAPPED"
"Z5kQch0mnf6Kts1yLHEi","fieldGoals_made-EDDY_PINEIRO_1_NFL-game-ou-over","Eddy Pineiro Field Goals Made Over/Under","fieldGoals_made","EDDY_PINEIRO_1_NFL","game","OVER","3.5","PARTIALLY_MAPPED"
"Z5kQch0mnf6Kts1yLHEi","fieldGoals_made-EDDY_PINEIRO_1_NFL-game-ou-under","Eddy Pineiro Field Goals Made Over/Under","fieldGoals_made","EDDY_PINEIRO_1_NFL","game","UNDER","1.5","PARTIALLY_MAPPED"
"Z5kQch0mnf6Kts1yLHEi","points-all-2h-ml3way-draw","2nd Half 3-Way Moneyline","points","all","2h","DRAW","","UNMAPPED"
"Z5kQch0mnf6Kts1yLHEi","points-away-2h-ml3way-away","2nd Half 3-Way Moneyline","points","away","2h","AWAY","","PARTIALLY_MAPPED"
"Z5kQch0mnf6Kts1yLHEi","points-home-2h-ml3way-home","2nd Half 3-Way Moneyline","points","home","2h","HOME","","PARTIALLY_MAPPED"
"Z5kQch0mnf6Kts1yLHEi","points-all-2h-eo-even","Total 2nd Half Points Even/Odd","points","all","2h","EVEN","","UNMAPPED"
"Z5kQch0mnf6Kts1yLHEi","points-all-2h-eo-odd","Total 2nd Half Points Even/Odd","points","all","2h","ODD","","UNMAPPED"
"Z5kQch0mnf6Kts1yLHEi","points-away-2h-eo-even","Arizona Cardinals 2nd Half Points Even/Odd","points","away","2h","EVEN","","PARTIALLY_MAPPED"
"Z5kQch0mnf6Kts1yLHEi","points-away-2h-eo-odd","Arizona Cardinals 2nd Half Points Even/Odd","points","away","2h","ODD","","PARTIALLY_MAPPED"
"Z5kQch0mnf6Kts1yLHEi","points-home-2h-eo-even","San Francisco 49ers 2nd Half Points Even/Odd","points","home","2h","EVEN","","PARTIALLY_MAPPED"
"Z5kQch0mnf6Kts1yLHEi","points-home-2h-eo-odd","San Francisco 49ers 2nd Half Points Even/Odd","points","home","2h","ODD","","PARTIALLY_MAPPED"
"Z5kQch0mnf6Kts1yLHEi","fieldGoals_made-CHAD_RYLAND_1_NFL-game-ou-over","Chad Ryland Field Goals Made Over/Under","fieldGoals_made","CHAD_RYLAND_1_NFL","game","OVER","1.5","PARTIALLY_MAPPED"
"Z5kQch0mnf6Kts1yLHEi","fieldGoals_made-CHAD_RYLAND_1_NFL-game-ou-over","Chad Ryland Field Goals Made Over/Under","fieldGoals_made","CHAD_RYLAND_1_NFL","game","OVER","0.5","PARTIALLY_MAPPED"
"Z5kQch0mnf6Kts1yLHEi","fieldGoals_made-CHAD_RYLAND_1_NFL-game-ou-over","Chad Ryland Field Goals Made Over/Under","fieldGoals_made","CHAD_RYLAND_1_NFL","game","OVER","2.5","PARTIALLY_MAPPED"
"Z5kQch0mnf6Kts1yLHEi","fieldGoals_made-CHAD_RYLAND_1_NFL-game-ou-over","Chad Ryland Field Goals Made Over/Under","fieldGoals_made","CHAD_RYLAND_1_NFL","game","OVER","3.5","PARTIALLY_MAPPED"
"Z5kQch0mnf6Kts1yLHEi","fieldGoals_made-CHAD_RYLAND_1_NFL-game-ou-under","Chad Ryland Field Goals Made Over/Under","fieldGoals_made","CHAD_RYLAND_1_NFL","game","UNDER","1.5","PARTIALLY_MAPPED"
"Z5kQch0mnf6Kts1yLHEi","fieldGoals_made-CHAD_RYLAND_1_NFL-game-yn-yes","Chad Ryland Any Field Goals Made Yes/No","fieldGoals_made","CHAD_RYLAND_1_NFL","game","YES","","PARTIALLY_MAPPED"
"Z5kQch0mnf6Kts1yLHEi","fieldGoals_made-EDDY_PINEIRO_1_NFL-game-yn-yes","Eddy Pineiro Any Field Goals Made Yes/No","fieldGoals_made","EDDY_PINEIRO_1_NFL","game","YES","","PARTIALLY_MAPPED"
"Z5kQch0mnf6Kts1yLHEi","defense_safeties-home-game-yn-no","San Francisco 49ers Any Defensive Safeties Yes/No","defense_safeties","home","game","NO","","PARTIALLY_MAPPED"
"Z5kQch0mnf6Kts1yLHEi","defense_safeties-home-game-yn-yes","San Francisco 49ers Any Defensive Safeties Yes/No","defense_safeties","home","game","YES","","PARTIALLY_MAPPED"
"Z5kQch0mnf6Kts1yLHEi","fieldGoals_made-all-2h-ou-over","Total 2nd Half Field Goals Made Over/Under","fieldGoals_made","all","2h","OVER","1.5","UNMAPPED"
"Z5kQch0mnf6Kts1yLHEi","fieldGoals_made-all-2h-ou-under","Total 2nd Half Field Goals Made Over/Under","fieldGoals_made","all","2h","UNDER","1.5","UNMAPPED"
"Z5kQch0mnf6Kts1yLHEi","largestLead-all-game-ou-over","Total Largest Lead Over/Under","largestLead","all","game","OVER","15.5","UNMAPPED"
"Z5kQch0mnf6Kts1yLHEi","largestLead-all-game-ou-under","Total Largest Lead Over/Under","largestLead","all","game","UNDER","15.5","UNMAPPED"
"Z5kQch0mnf6Kts1yLHEi","punting_numPunts-all-game-ou-over","Total Punts Over/Under","punting_numPunts","all","game","OVER","5.5","UNMAPPED"
"Z5kQch0mnf6Kts1yLHEi","punting_numPunts-all-game-ou-under","Total Punts Over/Under","punting_numPunts","all","game","UNDER","5.5","UNMAPPED"
"Z5kQch0mnf6Kts1yLHEi","turnovers-all-game-ou-over","Total Turnovers Over/Under","turnovers","all","game","OVER","2.5","UNMAPPED"
"Z5kQch0mnf6Kts1yLHEi","turnovers-all-game-ou-under","Total Turnovers Over/Under","turnovers","all","game","UNDER","2.5","UNMAPPED"
"EuQk9IyehJpE6rM9zHFg","defense_safeties-all-game-yn-no","Any Defensive Safeties Yes/No","defense_safeties","all","game","NO","","UNMAPPED"
"EuQk9IyehJpE6rM9zHFg","defense_safeties-all-game-yn-yes","Any Defensive Safeties Yes/No","defense_safeties","all","game","YES","","UNMAPPED"
"EuQk9IyehJpE6rM9zHFg","points-all-game-eo-even","Total Points Even/Odd","points","all","game","EVEN","","UNMAPPED"
"EuQk9IyehJpE6rM9zHFg","points-all-game-eo-odd","Total Points Even/Odd","points","all","game","ODD","","UNMAPPED"
"EuQk9IyehJpE6rM9zHFg","points-away-game-eo-even","Baltimore Ravens Points Even/Odd","points","away","game","EVEN","","PARTIALLY_MAPPED"
"EuQk9IyehJpE6rM9zHFg","points-away-game-eo-odd","Baltimore Ravens Points Even/Odd","points","away","game","ODD","","PARTIALLY_MAPPED"
"EuQk9IyehJpE6rM9zHFg","points-home-game-eo-even","Dallas Cowboys Points Even/Odd","points","home","game","EVEN","","PARTIALLY_MAPPED"
"EuQk9IyehJpE6rM9zHFg","points-home-game-eo-odd","Dallas Cowboys Points Even/Odd","points","home","game","ODD","","PARTIALLY_MAPPED"
"EuQk9IyehJpE6rM9zHFg","fieldGoals_made-all-game-ou-over","Total Field Goals Made Over/Under","fieldGoals_made","all","game","OVER","3.5","UNMAPPED"
"EuQk9IyehJpE6rM9zHFg","fieldGoals_made-all-game-ou-under","Total Field Goals Made Over/Under","fieldGoals_made","all","game","UNDER","3.5","UNMAPPED"
"EuQk9IyehJpE6rM9zHFg","points-home-1q-yn-no","Dallas Cowboys Any 1st Quarter Points Yes/No","points","home","1q","NO","","PARTIALLY_MAPPED"
"EuQk9IyehJpE6rM9zHFg","points-home-1q-yn-yes","Dallas Cowboys Any 1st Quarter Points Yes/No","points","home","1q","YES","","PARTIALLY_MAPPED"
"EuQk9IyehJpE6rM9zHFg","fieldGoals_longestMade-all-game-ou-over","Total Longest Field Goal Made Over/Under","fieldGoals_longestMade","all","game","OVER","48.5","UNMAPPED"
"EuQk9IyehJpE6rM9zHFg","fieldGoals_longestMade-all-game-ou-under","Total Longest Field Goal Made Over/Under","fieldGoals_longestMade","all","game","UNDER","48.5","UNMAPPED"
"EuQk9IyehJpE6rM9zHFg","points-all-1h-eo-even","Total 1st Half Points Even/Odd","points","all","1h","EVEN","","UNMAPPED"
"EuQk9IyehJpE6rM9zHFg","points-all-1h-eo-odd","Total 1st Half Points Even/Odd","points","all","1h","ODD","","UNMAPPED"
"EuQk9IyehJpE6rM9zHFg","points-all-1h-ml3way-draw","1st Half 3-Way Moneyline","points","all","1h","DRAW","","UNMAPPED"
"EuQk9IyehJpE6rM9zHFg","points-all-1q-eo-even","Total 1st Quarter Points Even/Odd","points","all","1q","EVEN","","UNMAPPED"
"EuQk9IyehJpE6rM9zHFg","points-all-1q-eo-odd","Total 1st Quarter Points Even/Odd","points","all","1q","ODD","","UNMAPPED"
"EuQk9IyehJpE6rM9zHFg","points-all-1q-ml3way-draw","1st Quarter 3-Way Moneyline","points","all","1q","DRAW","","UNMAPPED"
"EuQk9IyehJpE6rM9zHFg","points-away-1h-eo-even","Baltimore Ravens 1st Half Points Even/Odd","points","away","1h","EVEN","","PARTIALLY_MAPPED"
"EuQk9IyehJpE6rM9zHFg","points-away-1h-eo-odd","Baltimore Ravens 1st Half Points Even/Odd","points","away","1h","ODD","","PARTIALLY_MAPPED"
"EuQk9IyehJpE6rM9zHFg","points-away-1h-ml3way-away","1st Half 3-Way Moneyline","points","away","1h","AWAY","","PARTIALLY_MAPPED"
"EuQk9IyehJpE6rM9zHFg","points-away-1q-eo-even","Baltimore Ravens 1st Quarter Points Even/Odd","points","away","1q","EVEN","","PARTIALLY_MAPPED"
"EuQk9IyehJpE6rM9zHFg","points-away-1q-eo-odd","Baltimore Ravens 1st Quarter Points Even/Odd","points","away","1q","ODD","","PARTIALLY_MAPPED"
"EuQk9IyehJpE6rM9zHFg","points-away-1q-ml3way-away","1st Quarter 3-Way Moneyline","points","away","1q","AWAY","","PARTIALLY_MAPPED"
"EuQk9IyehJpE6rM9zHFg","points-home-1h-eo-even","Dallas Cowboys 1st Half Points Even/Odd","points","home","1h","EVEN","","PARTIALLY_MAPPED"
"EuQk9IyehJpE6rM9zHFg","points-home-1h-eo-odd","Dallas Cowboys 1st Half Points Even/Odd","points","home","1h","ODD","","PARTIALLY_MAPPED"
"EuQk9IyehJpE6rM9zHFg","points-home-1h-ml3way-home","1st Half 3-Way Moneyline","points","home","1h","HOME","","PARTIALLY_MAPPED"
"EuQk9IyehJpE6rM9zHFg","points-home-1q-eo-even","Dallas Cowboys 1st Quarter Points Even/Odd","points","home","1q","EVEN","","PARTIALLY_MAPPED"
"EuQk9IyehJpE6rM9zHFg","points-home-1q-eo-odd","Dallas Cowboys 1st Quarter Points Even/Odd","points","home","1q","ODD","","PARTIALLY_MAPPED"
"EuQk9IyehJpE6rM9zHFg","points-home-1q-ml3way-home","1st Quarter 3-Way Moneyline","points","home","1q","HOME","","PARTIALLY_MAPPED"
"EuQk9IyehJpE6rM9zHFg","points-all-2q-ml3way-draw","2nd Quarter 3-Way Moneyline","points","all","2q","DRAW","","UNMAPPED"
"EuQk9IyehJpE6rM9zHFg","points-all-3q-ml3way-draw","3rd Quarter 3-Way Moneyline","points","all","3q","DRAW","","UNMAPPED"
"EuQk9IyehJpE6rM9zHFg","points-all-4q-ml3way-draw","4th Quarter 3-Way Moneyline","points","all","4q","DRAW","","UNMAPPED"
"EuQk9IyehJpE6rM9zHFg","points-away-2q-ml3way-away","2nd Quarter 3-Way Moneyline","points","away","2q","AWAY","","PARTIALLY_MAPPED"
"EuQk9IyehJpE6rM9zHFg","points-away-3q-ml3way-away","3rd Quarter 3-Way Moneyline","points","away","3q","AWAY","","PARTIALLY_MAPPED"
"EuQk9IyehJpE6rM9zHFg","points-away-4q-ml3way-away","4th Quarter 3-Way Moneyline","points","away","4q","AWAY","","PARTIALLY_MAPPED"
"EuQk9IyehJpE6rM9zHFg","points-home-2q-ml3way-home","2nd Quarter 3-Way Moneyline","points","home","2q","HOME","","PARTIALLY_MAPPED"
"EuQk9IyehJpE6rM9zHFg","points-home-3q-ml3way-home","3rd Quarter 3-Way Moneyline","points","home","3q","HOME","","PARTIALLY_MAPPED"
"EuQk9IyehJpE6rM9zHFg","points-home-4q-ml3way-home","4th Quarter 3-Way Moneyline","points","home","4q","HOME","","PARTIALLY_MAPPED"
"EuQk9IyehJpE6rM9zHFg","fieldGoals_made-all-1h-ou-over","Total 1st Half Field Goals Made Over/Under","fieldGoals_made","all","1h","OVER","1.5","UNMAPPED"
"EuQk9IyehJpE6rM9zHFg","fieldGoals_made-all-1h-ou-under","Total 1st Half Field Goals Made Over/Under","fieldGoals_made","all","1h","UNDER","1.5","UNMAPPED"
"EuQk9IyehJpE6rM9zHFg","points-all-2h-ml3way-draw","2nd Half 3-Way Moneyline","points","all","2h","DRAW","","UNMAPPED"
"EuQk9IyehJpE6rM9zHFg","points-away-2h-ml3way-away","2nd Half 3-Way Moneyline","points","away","2h","AWAY","","PARTIALLY_MAPPED"
"EuQk9IyehJpE6rM9zHFg","points-home-2h-ml3way-home","2nd Half 3-Way Moneyline","points","home","2h","HOME","","PARTIALLY_MAPPED"
"EuQk9IyehJpE6rM9zHFg","fieldGoals_made-TYLER_LOOP_1_NFL-game-ou-over","Tyler Loop Field Goals Made Over/Under","fieldGoals_made","TYLER_LOOP_1_NFL","game","OVER","1.5","PARTIALLY_MAPPED"
"EuQk9IyehJpE6rM9zHFg","fieldGoals_made-TYLER_LOOP_1_NFL-game-ou-over","Tyler Loop Field Goals Made Over/Under","fieldGoals_made","TYLER_LOOP_1_NFL","game","OVER","0.5","PARTIALLY_MAPPED"
"EuQk9IyehJpE6rM9zHFg","fieldGoals_made-TYLER_LOOP_1_NFL-game-ou-over","Tyler Loop Field Goals Made Over/Under","fieldGoals_made","TYLER_LOOP_1_NFL","game","OVER","2.5","PARTIALLY_MAPPED"
"EuQk9IyehJpE6rM9zHFg","fieldGoals_made-TYLER_LOOP_1_NFL-game-ou-over","Tyler Loop Field Goals Made Over/Under","fieldGoals_made","TYLER_LOOP_1_NFL","game","OVER","3.5","PARTIALLY_MAPPED"
"EuQk9IyehJpE6rM9zHFg","fieldGoals_made-TYLER_LOOP_1_NFL-game-ou-under","Tyler Loop Field Goals Made Over/Under","fieldGoals_made","TYLER_LOOP_1_NFL","game","UNDER","1.5","PARTIALLY_MAPPED"
"EuQk9IyehJpE6rM9zHFg","points-all-2h-eo-even","Total 2nd Half Points Even/Odd","points","all","2h","EVEN","","UNMAPPED"
"EuQk9IyehJpE6rM9zHFg","points-all-2h-eo-odd","Total 2nd Half Points Even/Odd","points","all","2h","ODD","","UNMAPPED"
"EuQk9IyehJpE6rM9zHFg","points-away-2h-eo-even","Baltimore Ravens 2nd Half Points Even/Odd","points","away","2h","EVEN","","PARTIALLY_MAPPED"
"EuQk9IyehJpE6rM9zHFg","points-away-2h-eo-odd","Baltimore Ravens 2nd Half Points Even/Odd","points","away","2h","ODD","","PARTIALLY_MAPPED"
"EuQk9IyehJpE6rM9zHFg","points-home-2h-eo-even","Dallas Cowboys 2nd Half Points Even/Odd","points","home","2h","EVEN","","PARTIALLY_MAPPED"
"EuQk9IyehJpE6rM9zHFg","points-home-2h-eo-odd","Dallas Cowboys 2nd Half Points Even/Odd","points","home","2h","ODD","","PARTIALLY_MAPPED"
"EuQk9IyehJpE6rM9zHFg","fieldGoals_made-BRANDON_AUBREY_1_NFL-game-ou-over","Brandon Aubrey Field Goals Made Over/Under","fieldGoals_made","BRANDON_AUBREY_1_NFL","game","OVER","1.5","PARTIALLY_MAPPED"
"EuQk9IyehJpE6rM9zHFg","fieldGoals_made-BRANDON_AUBREY_1_NFL-game-ou-over","Brandon Aubrey Field Goals Made Over/Under","fieldGoals_made","BRANDON_AUBREY_1_NFL","game","OVER","0.5","PARTIALLY_MAPPED"
"EuQk9IyehJpE6rM9zHFg","fieldGoals_made-BRANDON_AUBREY_1_NFL-game-ou-over","Brandon Aubrey Field Goals Made Over/Under","fieldGoals_made","BRANDON_AUBREY_1_NFL","game","OVER","2.5","PARTIALLY_MAPPED"
"EuQk9IyehJpE6rM9zHFg","fieldGoals_made-BRANDON_AUBREY_1_NFL-game-ou-over","Brandon Aubrey Field Goals Made Over/Under","fieldGoals_made","BRANDON_AUBREY_1_NFL","game","OVER","3.5","PARTIALLY_MAPPED"
"EuQk9IyehJpE6rM9zHFg","fieldGoals_made-BRANDON_AUBREY_1_NFL-game-ou-under","Brandon Aubrey Field Goals Made Over/Under","fieldGoals_made","BRANDON_AUBREY_1_NFL","game","UNDER","1.5","PARTIALLY_MAPPED"
"EuQk9IyehJpE6rM9zHFg","fieldGoals_made-BRANDON_AUBREY_1_NFL-game-yn-yes","Brandon Aubrey Any Field Goals Made Yes/No","fieldGoals_made","BRANDON_AUBREY_1_NFL","game","YES","","PARTIALLY_MAPPED"
"EuQk9IyehJpE6rM9zHFg","fieldGoals_made-TYLER_LOOP_1_NFL-game-yn-yes","Tyler Loop Any Field Goals Made Yes/No","fieldGoals_made","TYLER_LOOP_1_NFL","game","YES","","PARTIALLY_MAPPED"
"EuQk9IyehJpE6rM9zHFg","defense_safeties-away-game-yn-no","Baltimore Ravens Any Defensive Safeties Yes/No","defense_safeties","away","game","NO","","PARTIALLY_MAPPED"
"EuQk9IyehJpE6rM9zHFg","defense_safeties-away-game-yn-yes","Baltimore Ravens Any Defensive Safeties Yes/No","defense_safeties","away","game","YES","","PARTIALLY_MAPPED"
"EuQk9IyehJpE6rM9zHFg","defense_safeties-home-game-yn-no","Dallas Cowboys Any Defensive Safeties Yes/No","defense_safeties","home","game","NO","","PARTIALLY_MAPPED"
"EuQk9IyehJpE6rM9zHFg","defense_safeties-home-game-yn-yes","Dallas Cowboys Any Defensive Safeties Yes/No","defense_safeties","home","game","YES","","PARTIALLY_MAPPED"
"EuQk9IyehJpE6rM9zHFg","fieldGoals_made-all-2h-ou-over","Total 2nd Half Field Goals Made Over/Under","fieldGoals_made","all","2h","OVER","1.5","UNMAPPED"
"EuQk9IyehJpE6rM9zHFg","fieldGoals_made-all-2h-ou-under","Total 2nd Half Field Goals Made Over/Under","fieldGoals_made","all","2h","UNDER","1.5","UNMAPPED"
"EuQk9IyehJpE6rM9zHFg","largestLead-all-game-ou-over","Total Largest Lead Over/Under","largestLead","all","game","OVER","14.5","UNMAPPED"
"EuQk9IyehJpE6rM9zHFg","largestLead-all-game-ou-under","Total Largest Lead Over/Under","largestLead","all","game","UNDER","14.5","UNMAPPED"
"EuQk9IyehJpE6rM9zHFg","punting_numPunts-all-game-ou-over","Total Punts Over/Under","punting_numPunts","all","game","OVER","5.5","UNMAPPED"
"EuQk9IyehJpE6rM9zHFg","punting_numPunts-all-game-ou-under","Total Punts Over/Under","punting_numPunts","all","game","UNDER","5.5","UNMAPPED"
"EuQk9IyehJpE6rM9zHFg","turnovers-all-game-ou-over","Total Turnovers Over/Under","turnovers","all","game","OVER","2.5","UNMAPPED"
"EuQk9IyehJpE6rM9zHFg","turnovers-all-game-ou-under","Total Turnovers Over/Under","turnovers","all","game","UNDER","2.5","UNMAPPED"
"udDSNFp0iMXuIIVOnoSe","points-away-1q-yn-no","Las Vegas Raiders Any 1st Quarter Points Yes/No","points","away","1q","NO","","PARTIALLY_MAPPED"
"udDSNFp0iMXuIIVOnoSe","points-away-1q-yn-yes","Las Vegas Raiders Any 1st Quarter Points Yes/No","points","away","1q","YES","","PARTIALLY_MAPPED"
"udDSNFp0iMXuIIVOnoSe","defense_safeties-all-game-yn-no","Any Defensive Safeties Yes/No","defense_safeties","all","game","NO","","UNMAPPED"
"udDSNFp0iMXuIIVOnoSe","defense_safeties-all-game-yn-yes","Any Defensive Safeties Yes/No","defense_safeties","all","game","YES","","UNMAPPED"
"udDSNFp0iMXuIIVOnoSe","fieldGoals_made-all-game-ou-over","Total Field Goals Made Over/Under","fieldGoals_made","all","game","OVER","3.5","UNMAPPED"
"udDSNFp0iMXuIIVOnoSe","fieldGoals_made-all-game-ou-under","Total Field Goals Made Over/Under","fieldGoals_made","all","game","UNDER","3.5","UNMAPPED"
"udDSNFp0iMXuIIVOnoSe","points-all-game-eo-even","Total Points Even/Odd","points","all","game","EVEN","","UNMAPPED"
"udDSNFp0iMXuIIVOnoSe","points-all-game-eo-odd","Total Points Even/Odd","points","all","game","ODD","","UNMAPPED"
"udDSNFp0iMXuIIVOnoSe","points-away-game-eo-even","Las Vegas Raiders Points Even/Odd","points","away","game","EVEN","","PARTIALLY_MAPPED"
"udDSNFp0iMXuIIVOnoSe","points-away-game-eo-odd","Las Vegas Raiders Points Even/Odd","points","away","game","ODD","","PARTIALLY_MAPPED"
"udDSNFp0iMXuIIVOnoSe","points-home-game-eo-even","New Orleans Saints Points Even/Odd","points","home","game","EVEN","","PARTIALLY_MAPPED"
"udDSNFp0iMXuIIVOnoSe","points-home-game-eo-odd","New Orleans Saints Points Even/Odd","points","home","game","ODD","","PARTIALLY_MAPPED"
"udDSNFp0iMXuIIVOnoSe","points-all-1h-ml3way-draw","1st Half 3-Way Moneyline","points","all","1h","DRAW","","UNMAPPED"
"udDSNFp0iMXuIIVOnoSe","points-away-1h-ml3way-away","1st Half 3-Way Moneyline","points","away","1h","AWAY","","PARTIALLY_MAPPED"
"udDSNFp0iMXuIIVOnoSe","points-home-1h-ml3way-home","1st Half 3-Way Moneyline","points","home","1h","HOME","","PARTIALLY_MAPPED"
"udDSNFp0iMXuIIVOnoSe","points-away-1h-yn-no","Las Vegas Raiders Any 1st Half Points Yes/No","points","away","1h","NO","","PARTIALLY_MAPPED"
"udDSNFp0iMXuIIVOnoSe","points-away-1h-yn-yes","Las Vegas Raiders Any 1st Half Points Yes/No","points","away","1h","YES","","PARTIALLY_MAPPED"
"udDSNFp0iMXuIIVOnoSe","points-all-1h-eo-even","Total 1st Half Points Even/Odd","points","all","1h","EVEN","","UNMAPPED"
"udDSNFp0iMXuIIVOnoSe","points-all-1h-eo-odd","Total 1st Half Points Even/Odd","points","all","1h","ODD","","UNMAPPED"
"udDSNFp0iMXuIIVOnoSe","points-all-1q-eo-even","Total 1st Quarter Points Even/Odd","points","all","1q","EVEN","","UNMAPPED"
"udDSNFp0iMXuIIVOnoSe","points-all-1q-eo-odd","Total 1st Quarter Points Even/Odd","points","all","1q","ODD","","UNMAPPED"
"udDSNFp0iMXuIIVOnoSe","points-all-1q-ml3way-draw","1st Quarter 3-Way Moneyline","points","all","1q","DRAW","","UNMAPPED"
"udDSNFp0iMXuIIVOnoSe","points-away-1h-eo-even","Las Vegas Raiders 1st Half Points Even/Odd","points","away","1h","EVEN","","PARTIALLY_MAPPED"
"udDSNFp0iMXuIIVOnoSe","points-away-1h-eo-odd","Las Vegas Raiders 1st Half Points Even/Odd","points","away","1h","ODD","","PARTIALLY_MAPPED"
"udDSNFp0iMXuIIVOnoSe","points-away-1q-eo-even","Las Vegas Raiders 1st Quarter Points Even/Odd","points","away","1q","EVEN","","PARTIALLY_MAPPED"
"udDSNFp0iMXuIIVOnoSe","points-away-1q-eo-odd","Las Vegas Raiders 1st Quarter Points Even/Odd","points","away","1q","ODD","","PARTIALLY_MAPPED"
"udDSNFp0iMXuIIVOnoSe","points-away-1q-ml3way-away","1st Quarter 3-Way Moneyline","points","away","1q","AWAY","","PARTIALLY_MAPPED"
"udDSNFp0iMXuIIVOnoSe","points-home-1h-eo-even","New Orleans Saints 1st Half Points Even/Odd","points","home","1h","EVEN","","PARTIALLY_MAPPED"
"udDSNFp0iMXuIIVOnoSe","points-home-1h-eo-odd","New Orleans Saints 1st Half Points Even/Odd","points","home","1h","ODD","","PARTIALLY_MAPPED"
"udDSNFp0iMXuIIVOnoSe","points-home-1q-eo-even","New Orleans Saints 1st Quarter Points Even/Odd","points","home","1q","EVEN","","PARTIALLY_MAPPED"
"udDSNFp0iMXuIIVOnoSe","points-home-1q-eo-odd","New Orleans Saints 1st Quarter Points Even/Odd","points","home","1q","ODD","","PARTIALLY_MAPPED"
"udDSNFp0iMXuIIVOnoSe","points-home-1q-ml3way-home","1st Quarter 3-Way Moneyline","points","home","1q","HOME","","PARTIALLY_MAPPED"
"udDSNFp0iMXuIIVOnoSe","points-all-2q-ml3way-draw","2nd Quarter 3-Way Moneyline","points","all","2q","DRAW","","UNMAPPED"
"udDSNFp0iMXuIIVOnoSe","points-all-3q-ml3way-draw","3rd Quarter 3-Way Moneyline","points","all","3q","DRAW","","UNMAPPED"
"udDSNFp0iMXuIIVOnoSe","points-all-4q-ml3way-draw","4th Quarter 3-Way Moneyline","points","all","4q","DRAW","","UNMAPPED"
"udDSNFp0iMXuIIVOnoSe","points-away-2h-yn-no","Las Vegas Raiders Any 2nd Half Points Yes/No","points","away","2h","NO","","PARTIALLY_MAPPED"
"udDSNFp0iMXuIIVOnoSe","points-away-2h-yn-yes","Las Vegas Raiders Any 2nd Half Points Yes/No","points","away","2h","YES","","PARTIALLY_MAPPED"
"udDSNFp0iMXuIIVOnoSe","points-away-2q-ml3way-away","2nd Quarter 3-Way Moneyline","points","away","2q","AWAY","","PARTIALLY_MAPPED"
"udDSNFp0iMXuIIVOnoSe","points-away-3q-ml3way-away","3rd Quarter 3-Way Moneyline","points","away","3q","AWAY","","PARTIALLY_MAPPED"
"udDSNFp0iMXuIIVOnoSe","points-away-4q-ml3way-away","4th Quarter 3-Way Moneyline","points","away","4q","AWAY","","PARTIALLY_MAPPED"
"udDSNFp0iMXuIIVOnoSe","points-home-2h-yn-no","New Orleans Saints Any 2nd Half Points Yes/No","points","home","2h","NO","","PARTIALLY_MAPPED"
"udDSNFp0iMXuIIVOnoSe","points-home-2h-yn-yes","New Orleans Saints Any 2nd Half Points Yes/No","points","home","2h","YES","","PARTIALLY_MAPPED"
"udDSNFp0iMXuIIVOnoSe","points-home-2q-ml3way-home","2nd Quarter 3-Way Moneyline","points","home","2q","HOME","","PARTIALLY_MAPPED"
"udDSNFp0iMXuIIVOnoSe","points-home-3q-ml3way-home","3rd Quarter 3-Way Moneyline","points","home","3q","HOME","","PARTIALLY_MAPPED"
"udDSNFp0iMXuIIVOnoSe","points-home-4q-ml3way-home","4th Quarter 3-Way Moneyline","points","home","4q","HOME","","PARTIALLY_MAPPED"
"udDSNFp0iMXuIIVOnoSe","fieldGoals_made-all-1h-ou-over","Total 1st Half Field Goals Made Over/Under","fieldGoals_made","all","1h","OVER","2.5","UNMAPPED"
"udDSNFp0iMXuIIVOnoSe","fieldGoals_made-all-1h-ou-under","Total 1st Half Field Goals Made Over/Under","fieldGoals_made","all","1h","UNDER","2.5","UNMAPPED"
"udDSNFp0iMXuIIVOnoSe","fieldGoals_longestMade-all-game-ou-over","Total Longest Field Goal Made Over/Under","fieldGoals_longestMade","all","game","OVER","50.5","UNMAPPED"
"udDSNFp0iMXuIIVOnoSe","fieldGoals_longestMade-all-game-ou-under","Total Longest Field Goal Made Over/Under","fieldGoals_longestMade","all","game","UNDER","50.5","UNMAPPED"
"udDSNFp0iMXuIIVOnoSe","points-home-1q-yn-no","New Orleans Saints Any 1st Quarter Points Yes/No","points","home","1q","NO","","PARTIALLY_MAPPED"
"udDSNFp0iMXuIIVOnoSe","points-home-1q-yn-yes","New Orleans Saints Any 1st Quarter Points Yes/No","points","home","1q","YES","","PARTIALLY_MAPPED"
"udDSNFp0iMXuIIVOnoSe","points-all-2h-ml3way-draw","2nd Half 3-Way Moneyline","points","all","2h","DRAW","","UNMAPPED"
"udDSNFp0iMXuIIVOnoSe","points-away-2h-ml3way-away","2nd Half 3-Way Moneyline","points","away","2h","AWAY","","PARTIALLY_MAPPED"
"udDSNFp0iMXuIIVOnoSe","points-home-2h-ml3way-home","2nd Half 3-Way Moneyline","points","home","2h","HOME","","PARTIALLY_MAPPED"
"udDSNFp0iMXuIIVOnoSe","fieldGoals_made-DANIEL_CARLSON_1_NFL-game-ou-over","Daniel Carlson Field Goals Made Over/Under","fieldGoals_made","DANIEL_CARLSON_1_NFL","game","OVER","1.5","PARTIALLY_MAPPED"
"udDSNFp0iMXuIIVOnoSe","fieldGoals_made-DANIEL_CARLSON_1_NFL-game-ou-over","Daniel Carlson Field Goals Made Over/Under","fieldGoals_made","DANIEL_CARLSON_1_NFL","game","OVER","0.5","PARTIALLY_MAPPED"
"udDSNFp0iMXuIIVOnoSe","fieldGoals_made-DANIEL_CARLSON_1_NFL-game-ou-over","Daniel Carlson Field Goals Made Over/Under","fieldGoals_made","DANIEL_CARLSON_1_NFL","game","OVER","2.5","PARTIALLY_MAPPED"
"udDSNFp0iMXuIIVOnoSe","fieldGoals_made-DANIEL_CARLSON_1_NFL-game-ou-over","Daniel Carlson Field Goals Made Over/Under","fieldGoals_made","DANIEL_CARLSON_1_NFL","game","OVER","3.5","PARTIALLY_MAPPED"
"udDSNFp0iMXuIIVOnoSe","fieldGoals_made-DANIEL_CARLSON_1_NFL-game-ou-under","Daniel Carlson Field Goals Made Over/Under","fieldGoals_made","DANIEL_CARLSON_1_NFL","game","UNDER","1.5","PARTIALLY_MAPPED"
"udDSNFp0iMXuIIVOnoSe","points-all-2h-eo-even","Total 2nd Half Points Even/Odd","points","all","2h","EVEN","","UNMAPPED"
"udDSNFp0iMXuIIVOnoSe","points-all-2h-eo-odd","Total 2nd Half Points Even/Odd","points","all","2h","ODD","","UNMAPPED"
"udDSNFp0iMXuIIVOnoSe","points-away-2h-eo-even","Las Vegas Raiders 2nd Half Points Even/Odd","points","away","2h","EVEN","","PARTIALLY_MAPPED"
"udDSNFp0iMXuIIVOnoSe","points-away-2h-eo-odd","Las Vegas Raiders 2nd Half Points Even/Odd","points","away","2h","ODD","","PARTIALLY_MAPPED"
"udDSNFp0iMXuIIVOnoSe","points-home-2h-eo-even","New Orleans Saints 2nd Half Points Even/Odd","points","home","2h","EVEN","","PARTIALLY_MAPPED"
"udDSNFp0iMXuIIVOnoSe","points-home-2h-eo-odd","New Orleans Saints 2nd Half Points Even/Odd","points","home","2h","ODD","","PARTIALLY_MAPPED"
"udDSNFp0iMXuIIVOnoSe","fieldGoals_made-MATT_GAY_1_NFL-game-ou-over","Matt Gay Field Goals Made Over/Under","fieldGoals_made","MATT_GAY_1_NFL","game","OVER","1.5","PARTIALLY_MAPPED"
"udDSNFp0iMXuIIVOnoSe","fieldGoals_made-MATT_GAY_1_NFL-game-ou-over","Matt Gay Field Goals Made Over/Under","fieldGoals_made","MATT_GAY_1_NFL","game","OVER","0.5","PARTIALLY_MAPPED"
"udDSNFp0iMXuIIVOnoSe","fieldGoals_made-MATT_GAY_1_NFL-game-ou-over","Matt Gay Field Goals Made Over/Under","fieldGoals_made","MATT_GAY_1_NFL","game","OVER","2.5","PARTIALLY_MAPPED"
"udDSNFp0iMXuIIVOnoSe","fieldGoals_made-MATT_GAY_1_NFL-game-ou-over","Matt Gay Field Goals Made Over/Under","fieldGoals_made","MATT_GAY_1_NFL","game","OVER","3.5","PARTIALLY_MAPPED"
"udDSNFp0iMXuIIVOnoSe","fieldGoals_made-MATT_GAY_1_NFL-game-ou-under","Matt Gay Field Goals Made Over/Under","fieldGoals_made","MATT_GAY_1_NFL","game","UNDER","1.5","PARTIALLY_MAPPED"
"udDSNFp0iMXuIIVOnoSe","fieldGoals_made-DANIEL_CARLSON_1_NFL-game-yn-yes","Daniel Carlson Any Field Goals Made Yes/No","fieldGoals_made","DANIEL_CARLSON_1_NFL","game","YES","","PARTIALLY_MAPPED"
"udDSNFp0iMXuIIVOnoSe","fieldGoals_made-MATT_GAY_1_NFL-game-yn-yes","Matt Gay Any Field Goals Made Yes/No","fieldGoals_made","MATT_GAY_1_NFL","game","YES","","PARTIALLY_MAPPED"
"udDSNFp0iMXuIIVOnoSe","defense_safeties-away-game-yn-no","Las Vegas Raiders Any Defensive Safeties Yes/No","defense_safeties","away","game","NO","","PARTIALLY_MAPPED"
"udDSNFp0iMXuIIVOnoSe","defense_safeties-away-game-yn-yes","Las Vegas Raiders Any Defensive Safeties Yes/No","defense_safeties","away","game","YES","","PARTIALLY_MAPPED"
"udDSNFp0iMXuIIVOnoSe","defense_safeties-home-game-yn-no","New Orleans Saints Any Defensive Safeties Yes/No","defense_safeties","home","game","NO","","PARTIALLY_MAPPED"
"udDSNFp0iMXuIIVOnoSe","defense_safeties-home-game-yn-yes","New Orleans Saints Any Defensive Safeties Yes/No","defense_safeties","home","game","YES","","PARTIALLY_MAPPED"
"udDSNFp0iMXuIIVOnoSe","fieldGoals_made-all-2h-ou-over","Total 2nd Half Field Goals Made Over/Under","fieldGoals_made","all","2h","OVER","1.5","UNMAPPED"
"udDSNFp0iMXuIIVOnoSe","fieldGoals_made-all-2h-ou-under","Total 2nd Half Field Goals Made Over/Under","fieldGoals_made","all","2h","UNDER","1.5","UNMAPPED"
"udDSNFp0iMXuIIVOnoSe","largestLead-all-game-ou-over","Total Largest Lead Over/Under","largestLead","all","game","OVER","13.5","UNMAPPED"
"udDSNFp0iMXuIIVOnoSe","largestLead-all-game-ou-under","Total Largest Lead Over/Under","largestLead","all","game","UNDER","13.5","UNMAPPED"
"udDSNFp0iMXuIIVOnoSe","punting_numPunts-all-game-ou-over","Total Punts Over/Under","punting_numPunts","all","game","OVER","7.5","UNMAPPED"
"udDSNFp0iMXuIIVOnoSe","punting_numPunts-all-game-ou-under","Total Punts Over/Under","punting_numPunts","all","game","UNDER","7.5","UNMAPPED"
"udDSNFp0iMXuIIVOnoSe","turnovers-all-game-ou-over","Total Turnovers Over/Under","turnovers","all","game","OVER","2.5","UNMAPPED"
"udDSNFp0iMXuIIVOnoSe","turnovers-all-game-ou-under","Total Turnovers Over/Under","turnovers","all","game","UNDER","2.5","UNMAPPED"
"dC2i8TCB9oM585C9aaET","defense_safeties-all-game-yn-no","Any Defensive Safeties Yes/No","defense_safeties","all","game","NO","","UNMAPPED"
"dC2i8TCB9oM585C9aaET","defense_safeties-all-game-yn-yes","Any Defensive Safeties Yes/No","defense_safeties","all","game","YES","","UNMAPPED"
"dC2i8TCB9oM585C9aaET","points-away-game-eo-even","Los Angeles Rams Points Even/Odd","points","away","game","EVEN","","PARTIALLY_MAPPED"
"dC2i8TCB9oM585C9aaET","points-away-game-eo-odd","Los Angeles Rams Points Even/Odd","points","away","game","ODD","","PARTIALLY_MAPPED"
"dC2i8TCB9oM585C9aaET","points-home-game-eo-even","Denver Broncos Points Even/Odd","points","home","game","EVEN","","PARTIALLY_MAPPED"
"dC2i8TCB9oM585C9aaET","points-home-game-eo-odd","Denver Broncos Points Even/Odd","points","home","game","ODD","","PARTIALLY_MAPPED"
"dC2i8TCB9oM585C9aaET","fieldGoals_made-all-game-ou-over","Total Field Goals Made Over/Under","fieldGoals_made","all","game","OVER","3.5","UNMAPPED"
"dC2i8TCB9oM585C9aaET","fieldGoals_made-all-game-ou-under","Total Field Goals Made Over/Under","fieldGoals_made","all","game","UNDER","3.5","UNMAPPED"
"dC2i8TCB9oM585C9aaET","fieldGoals_longestMade-all-game-ou-over","Total Longest Field Goal Made Over/Under","fieldGoals_longestMade","all","game","OVER","49.5","UNMAPPED"
"dC2i8TCB9oM585C9aaET","fieldGoals_longestMade-all-game-ou-under","Total Longest Field Goal Made Over/Under","fieldGoals_longestMade","all","game","UNDER","49.5","UNMAPPED"
"dC2i8TCB9oM585C9aaET","points-all-game-eo-even","Total Points Even/Odd","points","all","game","EVEN","","UNMAPPED"
"dC2i8TCB9oM585C9aaET","points-all-game-eo-odd","Total Points Even/Odd","points","all","game","ODD","","UNMAPPED"
"dC2i8TCB9oM585C9aaET","points-home-1q-yn-no","Denver Broncos Any 1st Quarter Points Yes/No","points","home","1q","NO","","PARTIALLY_MAPPED"
"dC2i8TCB9oM585C9aaET","points-home-1q-yn-yes","Denver Broncos Any 1st Quarter Points Yes/No","points","home","1q","YES","","PARTIALLY_MAPPED"
"dC2i8TCB9oM585C9aaET","points-away-1q-yn-no","Los Angeles Rams Any 1st Quarter Points Yes/No","points","away","1q","NO","","PARTIALLY_MAPPED"
"dC2i8TCB9oM585C9aaET","points-away-1q-yn-yes","Los Angeles Rams Any 1st Quarter Points Yes/No","points","away","1q","YES","","PARTIALLY_MAPPED"
"dC2i8TCB9oM585C9aaET","points-all-1h-eo-even","Total 1st Half Points Even/Odd","points","all","1h","EVEN","","UNMAPPED"
"dC2i8TCB9oM585C9aaET","points-all-1h-eo-odd","Total 1st Half Points Even/Odd","points","all","1h","ODD","","UNMAPPED"
"dC2i8TCB9oM585C9aaET","points-all-1h-ml3way-draw","1st Half 3-Way Moneyline","points","all","1h","DRAW","","UNMAPPED"
"dC2i8TCB9oM585C9aaET","points-all-1q-eo-even","Total 1st Quarter Points Even/Odd","points","all","1q","EVEN","","UNMAPPED"
"dC2i8TCB9oM585C9aaET","points-all-1q-eo-odd","Total 1st Quarter Points Even/Odd","points","all","1q","ODD","","UNMAPPED"
"dC2i8TCB9oM585C9aaET","points-all-1q-ml3way-draw","1st Quarter 3-Way Moneyline","points","all","1q","DRAW","","UNMAPPED"
"dC2i8TCB9oM585C9aaET","points-away-1h-eo-even","Los Angeles Rams 1st Half Points Even/Odd","points","away","1h","EVEN","","PARTIALLY_MAPPED"
"dC2i8TCB9oM585C9aaET","points-away-1h-eo-odd","Los Angeles Rams 1st Half Points Even/Odd","points","away","1h","ODD","","PARTIALLY_MAPPED"
"dC2i8TCB9oM585C9aaET","points-away-1h-ml3way-away","1st Half 3-Way Moneyline","points","away","1h","AWAY","","PARTIALLY_MAPPED"
"dC2i8TCB9oM585C9aaET","points-away-1q-eo-even","Los Angeles Rams 1st Quarter Points Even/Odd","points","away","1q","EVEN","","PARTIALLY_MAPPED"
"dC2i8TCB9oM585C9aaET","points-away-1q-eo-odd","Los Angeles Rams 1st Quarter Points Even/Odd","points","away","1q","ODD","","PARTIALLY_MAPPED"
"dC2i8TCB9oM585C9aaET","points-away-1q-ml3way-away","1st Quarter 3-Way Moneyline","points","away","1q","AWAY","","PARTIALLY_MAPPED"
"dC2i8TCB9oM585C9aaET","points-home-1h-eo-even","Denver Broncos 1st Half Points Even/Odd","points","home","1h","EVEN","","PARTIALLY_MAPPED"
"dC2i8TCB9oM585C9aaET","points-home-1h-eo-odd","Denver Broncos 1st Half Points Even/Odd","points","home","1h","ODD","","PARTIALLY_MAPPED"
"dC2i8TCB9oM585C9aaET","points-home-1h-ml3way-home","1st Half 3-Way Moneyline","points","home","1h","HOME","","PARTIALLY_MAPPED"
"dC2i8TCB9oM585C9aaET","points-home-1q-eo-even","Denver Broncos 1st Quarter Points Even/Odd","points","home","1q","EVEN","","PARTIALLY_MAPPED"
"dC2i8TCB9oM585C9aaET","points-home-1q-eo-odd","Denver Broncos 1st Quarter Points Even/Odd","points","home","1q","ODD","","PARTIALLY_MAPPED"
"dC2i8TCB9oM585C9aaET","points-home-1q-ml3way-home","1st Quarter 3-Way Moneyline","points","home","1q","HOME","","PARTIALLY_MAPPED"
"dC2i8TCB9oM585C9aaET","points-all-2q-ml3way-draw","2nd Quarter 3-Way Moneyline","points","all","2q","DRAW","","UNMAPPED"
"dC2i8TCB9oM585C9aaET","points-all-3q-ml3way-draw","3rd Quarter 3-Way Moneyline","points","all","3q","DRAW","","UNMAPPED"
"dC2i8TCB9oM585C9aaET","points-all-4q-ml3way-draw","4th Quarter 3-Way Moneyline","points","all","4q","DRAW","","UNMAPPED"
"dC2i8TCB9oM585C9aaET","points-away-1h-yn-no","Los Angeles Rams Any 1st Half Points Yes/No","points","away","1h","NO","","PARTIALLY_MAPPED"
"dC2i8TCB9oM585C9aaET","points-away-1h-yn-yes","Los Angeles Rams Any 1st Half Points Yes/No","points","away","1h","YES","","PARTIALLY_MAPPED"
"dC2i8TCB9oM585C9aaET","points-away-2q-ml3way-away","2nd Quarter 3-Way Moneyline","points","away","2q","AWAY","","PARTIALLY_MAPPED"
"dC2i8TCB9oM585C9aaET","points-away-3q-ml3way-away","3rd Quarter 3-Way Moneyline","points","away","3q","AWAY","","PARTIALLY_MAPPED"
"dC2i8TCB9oM585C9aaET","points-away-4q-ml3way-away","4th Quarter 3-Way Moneyline","points","away","4q","AWAY","","PARTIALLY_MAPPED"
"dC2i8TCB9oM585C9aaET","points-home-1h-yn-no","Denver Broncos Any 1st Half Points Yes/No","points","home","1h","NO","","PARTIALLY_MAPPED"
"dC2i8TCB9oM585C9aaET","points-home-1h-yn-yes","Denver Broncos Any 1st Half Points Yes/No","points","home","1h","YES","","PARTIALLY_MAPPED"
"dC2i8TCB9oM585C9aaET","points-home-2h-yn-no","Denver Broncos Any 2nd Half Points Yes/No","points","home","2h","NO","","PARTIALLY_MAPPED"
"dC2i8TCB9oM585C9aaET","points-home-2h-yn-yes","Denver Broncos Any 2nd Half Points Yes/No","points","home","2h","YES","","PARTIALLY_MAPPED"
"dC2i8TCB9oM585C9aaET","points-home-2q-ml3way-home","2nd Quarter 3-Way Moneyline","points","home","2q","HOME","","PARTIALLY_MAPPED"
"dC2i8TCB9oM585C9aaET","points-home-4q-ml3way-home","4th Quarter 3-Way Moneyline","points","home","4q","HOME","","PARTIALLY_MAPPED"
"dC2i8TCB9oM585C9aaET","points-home-3q-ml3way-home","3rd Quarter 3-Way Moneyline","points","home","3q","HOME","","PARTIALLY_MAPPED"
"dC2i8TCB9oM585C9aaET","fieldGoals_made-all-1h-ou-over","Total 1st Half Field Goals Made Over/Under","fieldGoals_made","all","1h","OVER","1.5","UNMAPPED"
"dC2i8TCB9oM585C9aaET","fieldGoals_made-all-1h-ou-under","Total 1st Half Field Goals Made Over/Under","fieldGoals_made","all","1h","UNDER","1.5","UNMAPPED"
"dC2i8TCB9oM585C9aaET","fieldGoals_made-HARRISON_MEVIS_1_NFL-game-ou-over","Harrison Mevis Field Goals Made Over/Under","fieldGoals_made","HARRISON_MEVIS_1_NFL","game","OVER","1.5","PARTIALLY_MAPPED"
"dC2i8TCB9oM585C9aaET","fieldGoals_made-HARRISON_MEVIS_1_NFL-game-ou-over","Harrison Mevis Field Goals Made Over/Under","fieldGoals_made","HARRISON_MEVIS_1_NFL","game","OVER","0.5","PARTIALLY_MAPPED"
"dC2i8TCB9oM585C9aaET","fieldGoals_made-HARRISON_MEVIS_1_NFL-game-ou-over","Harrison Mevis Field Goals Made Over/Under","fieldGoals_made","HARRISON_MEVIS_1_NFL","game","OVER","2.5","PARTIALLY_MAPPED"
"dC2i8TCB9oM585C9aaET","fieldGoals_made-HARRISON_MEVIS_1_NFL-game-ou-over","Harrison Mevis Field Goals Made Over/Under","fieldGoals_made","HARRISON_MEVIS_1_NFL","game","OVER","3.5","PARTIALLY_MAPPED"
"dC2i8TCB9oM585C9aaET","fieldGoals_made-HARRISON_MEVIS_1_NFL-game-ou-under","Harrison Mevis Field Goals Made Over/Under","fieldGoals_made","HARRISON_MEVIS_1_NFL","game","UNDER","1.5","PARTIALLY_MAPPED"
"dC2i8TCB9oM585C9aaET","fieldGoals_made-WIL_LUTZ_1_NFL-game-ou-over","Wil Lutz Field Goals Made Over/Under","fieldGoals_made","WIL_LUTZ_1_NFL","game","OVER","1.5","PARTIALLY_MAPPED"
"dC2i8TCB9oM585C9aaET","fieldGoals_made-WIL_LUTZ_1_NFL-game-ou-over","Wil Lutz Field Goals Made Over/Under","fieldGoals_made","WIL_LUTZ_1_NFL","game","OVER","0.5","PARTIALLY_MAPPED"
"dC2i8TCB9oM585C9aaET","fieldGoals_made-WIL_LUTZ_1_NFL-game-ou-over","Wil Lutz Field Goals Made Over/Under","fieldGoals_made","WIL_LUTZ_1_NFL","game","OVER","2.5","PARTIALLY_MAPPED"
"dC2i8TCB9oM585C9aaET","fieldGoals_made-WIL_LUTZ_1_NFL-game-ou-over","Wil Lutz Field Goals Made Over/Under","fieldGoals_made","WIL_LUTZ_1_NFL","game","OVER","3.5","PARTIALLY_MAPPED"
"dC2i8TCB9oM585C9aaET","fieldGoals_made-WIL_LUTZ_1_NFL-game-ou-under","Wil Lutz Field Goals Made Over/Under","fieldGoals_made","WIL_LUTZ_1_NFL","game","UNDER","1.5","PARTIALLY_MAPPED"
"dC2i8TCB9oM585C9aaET","points-all-2h-ml3way-draw","2nd Half 3-Way Moneyline","points","all","2h","DRAW","","UNMAPPED"
"dC2i8TCB9oM585C9aaET","points-away-2h-ml3way-away","2nd Half 3-Way Moneyline","points","away","2h","AWAY","","PARTIALLY_MAPPED"
"dC2i8TCB9oM585C9aaET","points-home-2h-ml3way-home","2nd Half 3-Way Moneyline","points","home","2h","HOME","","PARTIALLY_MAPPED"
"dC2i8TCB9oM585C9aaET","points-all-2h-eo-even","Total 2nd Half Points Even/Odd","points","all","2h","EVEN","","UNMAPPED"
"dC2i8TCB9oM585C9aaET","points-all-2h-eo-odd","Total 2nd Half Points Even/Odd","points","all","2h","ODD","","UNMAPPED"
"dC2i8TCB9oM585C9aaET","points-away-2h-eo-even","Los Angeles Rams 2nd Half Points Even/Odd","points","away","2h","EVEN","","PARTIALLY_MAPPED"
"dC2i8TCB9oM585C9aaET","points-away-2h-eo-odd","Los Angeles Rams 2nd Half Points Even/Odd","points","away","2h","ODD","","PARTIALLY_MAPPED"
"dC2i8TCB9oM585C9aaET","points-home-2h-eo-even","Denver Broncos 2nd Half Points Even/Odd","points","home","2h","EVEN","","PARTIALLY_MAPPED"
"dC2i8TCB9oM585C9aaET","points-home-2h-eo-odd","Denver Broncos 2nd Half Points Even/Odd","points","home","2h","ODD","","PARTIALLY_MAPPED"
"dC2i8TCB9oM585C9aaET","fieldGoals_made-WIL_LUTZ_1_NFL-game-yn-yes","Wil Lutz Any Field Goals Made Yes/No","fieldGoals_made","WIL_LUTZ_1_NFL","game","YES","","PARTIALLY_MAPPED"
"dC2i8TCB9oM585C9aaET","fieldGoals_made-HARRISON_MEVIS_1_NFL-game-yn-yes","Harrison Mevis Any Field Goals Made Yes/No","fieldGoals_made","HARRISON_MEVIS_1_NFL","game","YES","","PARTIALLY_MAPPED"
"dC2i8TCB9oM585C9aaET","defense_safeties-away-game-yn-no","Los Angeles Rams Any Defensive Safeties Yes/No","defense_safeties","away","game","NO","","PARTIALLY_MAPPED"
"dC2i8TCB9oM585C9aaET","defense_safeties-away-game-yn-yes","Los Angeles Rams Any Defensive Safeties Yes/No","defense_safeties","away","game","YES","","PARTIALLY_MAPPED"
"dC2i8TCB9oM585C9aaET","defense_safeties-home-game-yn-no","Denver Broncos Any Defensive Safeties Yes/No","defense_safeties","home","game","NO","","PARTIALLY_MAPPED"
"dC2i8TCB9oM585C9aaET","defense_safeties-home-game-yn-yes","Denver Broncos Any Defensive Safeties Yes/No","defense_safeties","home","game","YES","","PARTIALLY_MAPPED"
"dC2i8TCB9oM585C9aaET","fieldGoals_made-all-2h-ou-over","Total 2nd Half Field Goals Made Over/Under","fieldGoals_made","all","2h","OVER","1.5","UNMAPPED"
"dC2i8TCB9oM585C9aaET","fieldGoals_made-all-2h-ou-under","Total 2nd Half Field Goals Made Over/Under","fieldGoals_made","all","2h","UNDER","1.5","UNMAPPED"
"dC2i8TCB9oM585C9aaET","largestLead-all-game-ou-over","Total Largest Lead Over/Under","largestLead","all","game","OVER","13.5","UNMAPPED"
"dC2i8TCB9oM585C9aaET","largestLead-all-game-ou-under","Total Largest Lead Over/Under","largestLead","all","game","UNDER","13.5","UNMAPPED"
"dC2i8TCB9oM585C9aaET","punting_numPunts-all-game-ou-over","Total Punts Over/Under","punting_numPunts","all","game","OVER","7.5","UNMAPPED"
"dC2i8TCB9oM585C9aaET","punting_numPunts-all-game-ou-under","Total Punts Over/Under","punting_numPunts","all","game","UNDER","7.5","UNMAPPED"
"dC2i8TCB9oM585C9aaET","turnovers-all-game-ou-over","Total Turnovers Over/Under","turnovers","all","game","OVER","2.5","UNMAPPED"
"dC2i8TCB9oM585C9aaET","turnovers-all-game-ou-under","Total Turnovers Over/Under","turnovers","all","game","UNDER","2.5","UNMAPPED"
"iVXqTw1LGEj0TGVxDgTs","defense_safeties-all-game-yn-no","Any Defensive Safeties Yes/No","defense_safeties","all","game","NO","","UNMAPPED"
"iVXqTw1LGEj0TGVxDgTs","defense_safeties-all-game-yn-yes","Any Defensive Safeties Yes/No","defense_safeties","all","game","YES","","UNMAPPED"
"iVXqTw1LGEj0TGVxDgTs","points-all-game-eo-even","Total Points Even/Odd","points","all","game","EVEN","","UNMAPPED"
"iVXqTw1LGEj0TGVxDgTs","points-all-game-eo-odd","Total Points Even/Odd","points","all","game","ODD","","UNMAPPED"
"iVXqTw1LGEj0TGVxDgTs","points-away-game-eo-even","Philadelphia Eagles Points Even/Odd","points","away","game","EVEN","","PARTIALLY_MAPPED"
"iVXqTw1LGEj0TGVxDgTs","points-away-game-eo-odd","Philadelphia Eagles Points Even/Odd","points","away","game","ODD","","PARTIALLY_MAPPED"
"iVXqTw1LGEj0TGVxDgTs","points-home-game-eo-even","Chicago Bears Points Even/Odd","points","home","game","EVEN","","PARTIALLY_MAPPED"
"iVXqTw1LGEj0TGVxDgTs","points-home-game-eo-odd","Chicago Bears Points Even/Odd","points","home","game","ODD","","PARTIALLY_MAPPED"
"iVXqTw1LGEj0TGVxDgTs","points-home-1q-yn-no","Chicago Bears Any 1st Quarter Points Yes/No","points","home","1q","NO","","PARTIALLY_MAPPED"
"iVXqTw1LGEj0TGVxDgTs","points-home-1q-yn-yes","Chicago Bears Any 1st Quarter Points Yes/No","points","home","1q","YES","","PARTIALLY_MAPPED"
"iVXqTw1LGEj0TGVxDgTs","points-away-1q-yn-no","Philadelphia Eagles Any 1st Quarter Points Yes/No","points","away","1q","NO","","PARTIALLY_MAPPED"
"iVXqTw1LGEj0TGVxDgTs","points-away-1q-yn-yes","Philadelphia Eagles Any 1st Quarter Points Yes/No","points","away","1q","YES","","PARTIALLY_MAPPED"
"iVXqTw1LGEj0TGVxDgTs","fieldGoals_made-all-game-ou-over","Total Field Goals Made Over/Under","fieldGoals_made","all","game","OVER","3.5","UNMAPPED"
"iVXqTw1LGEj0TGVxDgTs","fieldGoals_made-all-game-ou-under","Total Field Goals Made Over/Under","fieldGoals_made","all","game","UNDER","3.5","UNMAPPED"
"iVXqTw1LGEj0TGVxDgTs","points-home-1h-yn-no","Chicago Bears Any 1st Half Points Yes/No","points","home","1h","NO","","PARTIALLY_MAPPED"
"iVXqTw1LGEj0TGVxDgTs","points-home-1h-yn-yes","Chicago Bears Any 1st Half Points Yes/No","points","home","1h","YES","","PARTIALLY_MAPPED"
"iVXqTw1LGEj0TGVxDgTs","fieldGoals_made-all-1h-ou-over","Total 1st Half Field Goals Made Over/Under","fieldGoals_made","all","1h","OVER","1.5","UNMAPPED"
"iVXqTw1LGEj0TGVxDgTs","fieldGoals_made-all-1h-ou-under","Total 1st Half Field Goals Made Over/Under","fieldGoals_made","all","1h","UNDER","1.5","UNMAPPED"
"iVXqTw1LGEj0TGVxDgTs","points-all-1h-ml3way-draw","1st Half 3-Way Moneyline","points","all","1h","DRAW","","UNMAPPED"
"iVXqTw1LGEj0TGVxDgTs","points-away-1h-ml3way-away","1st Half 3-Way Moneyline","points","away","1h","AWAY","","PARTIALLY_MAPPED"
"iVXqTw1LGEj0TGVxDgTs","points-home-1h-ml3way-home","1st Half 3-Way Moneyline","points","home","1h","HOME","","PARTIALLY_MAPPED"
"iVXqTw1LGEj0TGVxDgTs","points-all-1h-eo-even","Total 1st Half Points Even/Odd","points","all","1h","EVEN","","UNMAPPED"
"iVXqTw1LGEj0TGVxDgTs","points-all-1h-eo-odd","Total 1st Half Points Even/Odd","points","all","1h","ODD","","UNMAPPED"
"iVXqTw1LGEj0TGVxDgTs","fieldGoals_longestMade-all-game-ou-over","Total Longest Field Goal Made Over/Under","fieldGoals_longestMade","all","game","OVER","49.5","UNMAPPED"
"iVXqTw1LGEj0TGVxDgTs","fieldGoals_longestMade-all-game-ou-under","Total Longest Field Goal Made Over/Under","fieldGoals_longestMade","all","game","UNDER","49.5","UNMAPPED"
"iVXqTw1LGEj0TGVxDgTs","points-all-1q-eo-even","Total 1st Quarter Points Even/Odd","points","all","1q","EVEN","","UNMAPPED"
"iVXqTw1LGEj0TGVxDgTs","points-all-1q-eo-odd","Total 1st Quarter Points Even/Odd","points","all","1q","ODD","","UNMAPPED"
"iVXqTw1LGEj0TGVxDgTs","points-all-1q-ml3way-draw","1st Quarter 3-Way Moneyline","points","all","1q","DRAW","","UNMAPPED"
"iVXqTw1LGEj0TGVxDgTs","points-all-2q-ml3way-draw","2nd Quarter 3-Way Moneyline","points","all","2q","DRAW","","UNMAPPED"
"iVXqTw1LGEj0TGVxDgTs","points-all-3q-ml3way-draw","3rd Quarter 3-Way Moneyline","points","all","3q","DRAW","","UNMAPPED"
"iVXqTw1LGEj0TGVxDgTs","points-all-4q-ml3way-draw","4th Quarter 3-Way Moneyline","points","all","4q","DRAW","","UNMAPPED"
"iVXqTw1LGEj0TGVxDgTs","points-away-1q-ml3way-away","1st Quarter 3-Way Moneyline","points","away","1q","AWAY","","PARTIALLY_MAPPED"
"iVXqTw1LGEj0TGVxDgTs","points-away-2h-yn-no","Philadelphia Eagles Any 2nd Half Points Yes/No","points","away","2h","NO","","PARTIALLY_MAPPED"
"iVXqTw1LGEj0TGVxDgTs","points-away-2h-yn-yes","Philadelphia Eagles Any 2nd Half Points Yes/No","points","away","2h","YES","","PARTIALLY_MAPPED"
"iVXqTw1LGEj0TGVxDgTs","points-away-2q-ml3way-away","2nd Quarter 3-Way Moneyline","points","away","2q","AWAY","","PARTIALLY_MAPPED"
"iVXqTw1LGEj0TGVxDgTs","points-away-3q-ml3way-away","3rd Quarter 3-Way Moneyline","points","away","3q","AWAY","","PARTIALLY_MAPPED"
"iVXqTw1LGEj0TGVxDgTs","points-away-4q-ml3way-away","4th Quarter 3-Way Moneyline","points","away","4q","AWAY","","PARTIALLY_MAPPED"
"iVXqTw1LGEj0TGVxDgTs","points-home-1q-ml3way-home","1st Quarter 3-Way Moneyline","points","home","1q","HOME","","PARTIALLY_MAPPED"
"iVXqTw1LGEj0TGVxDgTs","points-home-2h-yn-no","Chicago Bears Any 2nd Half Points Yes/No","points","home","2h","NO","","PARTIALLY_MAPPED"
"iVXqTw1LGEj0TGVxDgTs","points-home-2h-yn-yes","Chicago Bears Any 2nd Half Points Yes/No","points","home","2h","YES","","PARTIALLY_MAPPED"
"iVXqTw1LGEj0TGVxDgTs","points-home-2q-ml3way-home","2nd Quarter 3-Way Moneyline","points","home","2q","HOME","","PARTIALLY_MAPPED"
"iVXqTw1LGEj0TGVxDgTs","points-home-3q-ml3way-home","3rd Quarter 3-Way Moneyline","points","home","3q","HOME","","PARTIALLY_MAPPED"
"iVXqTw1LGEj0TGVxDgTs","points-home-4q-ml3way-home","4th Quarter 3-Way Moneyline","points","home","4q","HOME","","PARTIALLY_MAPPED"
"iVXqTw1LGEj0TGVxDgTs","points-home-game-yn-no","Chicago Bears Any Points Yes/No","points","home","game","NO","","PARTIALLY_MAPPED"
"iVXqTw1LGEj0TGVxDgTs","points-home-game-yn-yes","Chicago Bears Any Points Yes/No","points","home","game","YES","","PARTIALLY_MAPPED"
"iVXqTw1LGEj0TGVxDgTs","points-all-1q-yn-no","Any 1st Quarter Points Yes/No","points","all","1q","NO","","UNMAPPED"
"iVXqTw1LGEj0TGVxDgTs","points-all-1q-yn-yes","Any 1st Quarter Points Yes/No","points","all","1q","YES","","UNMAPPED"
"iVXqTw1LGEj0TGVxDgTs","points-all-2h-ml3way-draw","2nd Half 3-Way Moneyline","points","all","2h","DRAW","","UNMAPPED"
"iVXqTw1LGEj0TGVxDgTs","points-home-2h-ml3way-home","2nd Half 3-Way Moneyline","points","home","2h","HOME","","PARTIALLY_MAPPED"
"iVXqTw1LGEj0TGVxDgTs","points-away-2h-ml3way-away","2nd Half 3-Way Moneyline","points","away","2h","AWAY","","PARTIALLY_MAPPED"
"iVXqTw1LGEj0TGVxDgTs","defense_safeties-away-game-yn-no","Philadelphia Eagles Any Defensive Safeties Yes/No","defense_safeties","away","game","NO","","PARTIALLY_MAPPED"
"iVXqTw1LGEj0TGVxDgTs","defense_safeties-away-game-yn-yes","Philadelphia Eagles Any Defensive Safeties Yes/No","defense_safeties","away","game","YES","","PARTIALLY_MAPPED"
"iVXqTw1LGEj0TGVxDgTs","fieldGoals_made-all-2h-ou-over","Total 2nd Half Field Goals Made Over/Under","fieldGoals_made","all","2h","OVER","1.5","UNMAPPED"
"iVXqTw1LGEj0TGVxDgTs","fieldGoals_made-all-2h-ou-under","Total 2nd Half Field Goals Made Over/Under","fieldGoals_made","all","2h","UNDER","1.5","UNMAPPED"
"iVXqTw1LGEj0TGVxDgTs","largestLead-all-game-ou-over","Total Largest Lead Over/Under","largestLead","all","game","OVER","14.5","UNMAPPED"
"iVXqTw1LGEj0TGVxDgTs","largestLead-all-game-ou-over","Total Largest Lead Over/Under","largestLead","all","game","OVER","13.5","UNMAPPED"
"iVXqTw1LGEj0TGVxDgTs","largestLead-all-game-ou-under","Total Largest Lead Over/Under","largestLead","all","game","UNDER","14.5","UNMAPPED"
"iVXqTw1LGEj0TGVxDgTs","largestLead-all-game-ou-under","Total Largest Lead Over/Under","largestLead","all","game","UNDER","13.5","UNMAPPED"
"iVXqTw1LGEj0TGVxDgTs","points-all-2h-eo-even","Total 2nd Half Points Even/Odd","points","all","2h","EVEN","","UNMAPPED"
"iVXqTw1LGEj0TGVxDgTs","points-all-2h-eo-odd","Total 2nd Half Points Even/Odd","points","all","2h","ODD","","UNMAPPED"
"iVXqTw1LGEj0TGVxDgTs","points-away-2h-eo-even","Philadelphia Eagles 2nd Half Points Even/Odd","points","away","2h","EVEN","","PARTIALLY_MAPPED"
"iVXqTw1LGEj0TGVxDgTs","points-away-2h-eo-odd","Philadelphia Eagles 2nd Half Points Even/Odd","points","away","2h","ODD","","PARTIALLY_MAPPED"
"iVXqTw1LGEj0TGVxDgTs","points-home-2h-eo-even","Chicago Bears 2nd Half Points Even/Odd","points","home","2h","EVEN","","PARTIALLY_MAPPED"
"iVXqTw1LGEj0TGVxDgTs","points-home-2h-eo-odd","Chicago Bears 2nd Half Points Even/Odd","points","home","2h","ODD","","PARTIALLY_MAPPED"
"iVXqTw1LGEj0TGVxDgTs","punting_numPunts-all-game-ou-over","Total Punts Over/Under","punting_numPunts","all","game","OVER","7.5","UNMAPPED"
"iVXqTw1LGEj0TGVxDgTs","punting_numPunts-all-game-ou-under","Total Punts Over/Under","punting_numPunts","all","game","UNDER","7.5","UNMAPPED"
"iVXqTw1LGEj0TGVxDgTs","turnovers-all-game-ou-over","Total Turnovers Over/Under","turnovers","all","game","OVER","2.5","UNMAPPED"
"iVXqTw1LGEj0TGVxDgTs","turnovers-all-game-ou-under","Total Turnovers Over/Under","turnovers","all","game","UNDER","2.5","UNMAPPED"
"iVXqTw1LGEj0TGVxDgTs","points-away-1h-eo-even","Philadelphia Eagles 1st Half Points Even/Odd","points","away","1h","EVEN","","PARTIALLY_MAPPED"
"iVXqTw1LGEj0TGVxDgTs","points-away-1h-eo-odd","Philadelphia Eagles 1st Half Points Even/Odd","points","away","1h","ODD","","PARTIALLY_MAPPED"
"iVXqTw1LGEj0TGVxDgTs","points-away-1q-eo-even","Philadelphia Eagles 1st Quarter Points Even/Odd","points","away","1q","EVEN","","PARTIALLY_MAPPED"
"iVXqTw1LGEj0TGVxDgTs","points-away-1q-eo-odd","Philadelphia Eagles 1st Quarter Points Even/Odd","points","away","1q","ODD","","PARTIALLY_MAPPED"
"iVXqTw1LGEj0TGVxDgTs","points-home-1h-eo-even","Chicago Bears 1st Half Points Even/Odd","points","home","1h","EVEN","","PARTIALLY_MAPPED"
"iVXqTw1LGEj0TGVxDgTs","points-home-1h-eo-odd","Chicago Bears 1st Half Points Even/Odd","points","home","1h","ODD","","PARTIALLY_MAPPED"
"iVXqTw1LGEj0TGVxDgTs","points-home-1q-eo-even","Chicago Bears 1st Quarter Points Even/Odd","points","home","1q","EVEN","","PARTIALLY_MAPPED"
"iVXqTw1LGEj0TGVxDgTs","points-home-1q-eo-odd","Chicago Bears 1st Quarter Points Even/Odd","points","home","1q","ODD","","PARTIALLY_MAPPED"
"iVXqTw1LGEj0TGVxDgTs","fieldGoals_made-CAIRO_SANTOS_1_NFL-game-ou-over","Cairo Santos Field Goals Made Over/Under","fieldGoals_made","CAIRO_SANTOS_1_NFL","game","OVER","1.5","PARTIALLY_MAPPED"
"iVXqTw1LGEj0TGVxDgTs","fieldGoals_made-CAIRO_SANTOS_1_NFL-game-ou-over","Cairo Santos Field Goals Made Over/Under","fieldGoals_made","CAIRO_SANTOS_1_NFL","game","OVER","0.5","PARTIALLY_MAPPED"
"iVXqTw1LGEj0TGVxDgTs","fieldGoals_made-CAIRO_SANTOS_1_NFL-game-ou-over","Cairo Santos Field Goals Made Over/Under","fieldGoals_made","CAIRO_SANTOS_1_NFL","game","OVER","2.5","PARTIALLY_MAPPED"
"iVXqTw1LGEj0TGVxDgTs","fieldGoals_made-CAIRO_SANTOS_1_NFL-game-ou-over","Cairo Santos Field Goals Made Over/Under","fieldGoals_made","CAIRO_SANTOS_1_NFL","game","OVER","3.5","PARTIALLY_MAPPED"
"iVXqTw1LGEj0TGVxDgTs","fieldGoals_made-CAIRO_SANTOS_1_NFL-game-ou-under","Cairo Santos Field Goals Made Over/Under","fieldGoals_made","CAIRO_SANTOS_1_NFL","game","UNDER","1.5","PARTIALLY_MAPPED"
"iVXqTw1LGEj0TGVxDgTs","fieldGoals_made-CAIRO_SANTOS_1_NFL-game-yn-yes","Cairo Santos Any Field Goals Made Yes/No","fieldGoals_made","CAIRO_SANTOS_1_NFL","game","YES","","PARTIALLY_MAPPED"
"iVXqTw1LGEj0TGVxDgTs","fieldGoals_made-JAKE_ELLIOTT_1_NFL-game-ou-over","Jake Elliott Field Goals Made Over/Under","fieldGoals_made","JAKE_ELLIOTT_1_NFL","game","OVER","1.5","PARTIALLY_MAPPED"
"iVXqTw1LGEj0TGVxDgTs","fieldGoals_made-JAKE_ELLIOTT_1_NFL-game-ou-over","Jake Elliott Field Goals Made Over/Under","fieldGoals_made","JAKE_ELLIOTT_1_NFL","game","OVER","0.5","PARTIALLY_MAPPED"
"iVXqTw1LGEj0TGVxDgTs","fieldGoals_made-JAKE_ELLIOTT_1_NFL-game-ou-over","Jake Elliott Field Goals Made Over/Under","fieldGoals_made","JAKE_ELLIOTT_1_NFL","game","OVER","2.5","PARTIALLY_MAPPED"
"iVXqTw1LGEj0TGVxDgTs","fieldGoals_made-JAKE_ELLIOTT_1_NFL-game-ou-over","Jake Elliott Field Goals Made Over/Under","fieldGoals_made","JAKE_ELLIOTT_1_NFL","game","OVER","3.5","PARTIALLY_MAPPED"
"iVXqTw1LGEj0TGVxDgTs","fieldGoals_made-JAKE_ELLIOTT_1_NFL-game-ou-under","Jake Elliott Field Goals Made Over/Under","fieldGoals_made","JAKE_ELLIOTT_1_NFL","game","UNDER","1.5","PARTIALLY_MAPPED"
"iVXqTw1LGEj0TGVxDgTs","fieldGoals_made-JAKE_ELLIOTT_1_NFL-game-yn-yes","Jake Elliott Any Field Goals Made Yes/No","fieldGoals_made","JAKE_ELLIOTT_1_NFL","game","YES","","PARTIALLY_MAPPED"